Label,Image file name
1,29130251788_bf65aa8530_o.jpg
1,29156511165_7f0a1cf263_o.jpg
1,29156511225_78225ab62c_o.jpg
1,29156511375_4c6bdfcc17_o.jpg
1,29325398052_e2e665bfca_o.jpg
1,29325831982_e5743845e0_o.jpg
1,29333324226_cf4d807cd4_o.jpg
1,29369955805_f0a93ac77e_o.jpg
1,29369957265_4873339791_o.jpg
1,29431349738_46e59567ea_o.jpg
1,29920980588_680c4fac49_o.jpg
1,29942433238_47496555ca_o.jpg
1,30291241988_abd1397d0e_o.jpg
1,30581369867_cc70426796_o.jpg
1,31779181068_48e3660d32_o.jpg
1,32918982992_f824f8a63d_o.jpg
1,33991421334_b8834e87ee_o.jpg
1,34025005952_b1246f3b14_o.jpg
1,34658106483_c0ed99d215_o.jpg
1,34914713666_37fd3222f6_o.jpg
1,35015020293_6565c8e6ee_o.jpg
1,35015020413_1578907ebe_o.jpg
1,35015020853_ec3403308b_o.jpg
1,35015021703_8dde144ac5_o.jpg
1,35015022573_1fcbb7c4fa_o.jpg
1,35015025393_12cb0e3852_o.jpg
1,35015025503_e9062876f7_o.jpg
1,35408981930_f7c118f308_o.jpg
1,35436551630_83ff810464_o.jpg
1,35436558590_7317a3ea78_o.jpg
1,35436560230_e7630efe22_o.jpg
1,35504733704_177275e7b4_o.jpg
1,35531874233_8d14e0c7ba_o.jpg
1,35531879493_9d0edc5cf2_o.jpg
1,35531880393_6e069a4320_o.jpg
1,35629885502_2956fb858e_o.jpg
1,35666721801_35f05dbd5f_o.jpg
1,35784578156_7ffd28578f_o.jpg
1,35784582596_c3d413a0ba_o.jpg
1,35883375265_c23cbece87_o.jpg
1,35943831620_2f3e25830c_o.jpg
1,35943845740_086971ac89_o.jpg
1,35943850740_63e2d0c036_o.jpg
1,36171927572_ec3c2e0716_o.jpg
1,36171930962_755dabb02f_o.jpg
1,36171935652_889b2ea0f5_o.jpg
1,36171949262_9c948221bc_o.jpg
1,36204004331_9d7b73eae8_o.jpg
1,36296142916_d3f3bb36fc_o.jpg
1,36296147916_c7385539eb_o.jpg
1,36340658665_3da07413ed_o.jpg
1,36583423933_01030ea8f5_o.jpg
1,36663923064_69ef7931fe_o.jpg
1,36823539121_e7c9664f0c_o.jpg
1,37116013080_b07925b7bc_o.jpg
1,37116025350_36526c8548_o.jpg
1,37289047155_6d38810664_o.jpg
1,37325120996_c0c698ae0f_o.jpg
1,37325134636_6828e71d1f_o.jpg
1,37325145206_39f19f37c7_o.jpg
1,37342469622_5986183000_o.jpg
1,37342469732_6d6aa633b3_o.jpg
1,37342472242_0f006f3cae_o.jpg
1,37342498742_cb3edac833_o.jpg
1,37342504922_ed222fb8fa_o.jpg
1,37458838600_32e2465813_o.jpg
1,37667872706_da4148fb77_o.jpg
1,37684207942_35259ab320_o.jpg
1,38088823072_aa623aa8cd_o.jpg
1,38252965765_fa7e58f3fd_o.jpg
1,38425122874_20fd4958cc_o.jpg
1,40052135590_ff281a560c_o.jpg
1,4113045752_7f692b09c6_o.jpg
1,41131066340_37d96db25d_o.jpg
1,41492172160_cc226fccd0_o.jpg
1,42021016560_27fccb9b6f_o.jpg
1,42206136870_fbd39b5bc9_o.jpg
1,42210814850_eb0d174856_o.jpg
1,42210817340_16e219716e_o.jpg
1,42582899664_cca07c91b8_o.jpg
1,42582908464_3c761ea37c_o.jpg
1,42885999045_e2eb372c54_o.jpg
1,43177865901_2ec1d82910_o.jpg
1,43410505321_31a739fb64_o.jpg
1,43615020704_0b05413897_o.jpg
1,43825007480_381db74ae8_o.jpg
1,44678766291_7bdf899e71_o.jpg
1,44797217694_dbd11e2f30_o.jpg
1,44918086364_fa8fe454d8_o.jpg
1,45600718572_9a9d934a92_o.jpg
1,45923164272_8228e319f5_o.jpg
1,48250059486_c704921b5d_o.jpg
1,48250131842_a7c57629ed_o.jpg
1,48472397992_74e30b024c_o.jpg
1,48490650006_669df22cf5_o.jpg
1,48531298001_17a4f2628b_o.jpg
1,48937621673_940560ccbd_o.jpg
1,49785368728_0babc970df_o.jpg
1,49785369068_ba10973d11_o.jpg
1,50138928937_240d314aa7_o.jpg
1,50163494266_c04244c4f3_o.jpg
1,50163583211_0e4782cefe_o.jpg
1,50163809252_54b7daedd2_o.jpg
1,50229096501_da58951923_o.jpg
1,50229121426_9b22179db9_o.jpg
1,50229294722_b60e820a16_o.jpg
1,50230975677_c9cf065951_o.jpg
1,50237582976_83c13214ef_o.jpg
1,50237929906_32fcef2170_o.jpg
1,50294329538_0d0eb0db94_o.jpg
1,50294332953_43e31a15bd_o.jpg
1,50295008751_5b436a2f39_o.jpg
1,50295161202_1860d562af_o.jpg
1,50305839298_c5c8027429_o.jpg
1,50320947931_0e9aaf72d9_o.jpg
1,50321112037_cb345fdbf3_o.jpg
1,50380519696_3b4716c55c_o.jpg
1,50380592206_fa0cb90891_o.jpg
1,50380756207_597721f58b_o.jpg
1,50409242091_d6286eb253_o.jpg
1,50409254336_39dcaecc84_o.jpg
1,50409260341_db7c6f37ed_o.jpg
1,50409279911_ecbd2ffc8f_o.jpg
1,50576832732_6b3f8a8253_o.jpg
1,50622213948_0a26906622_o.jpg
1,50622760386_ca8ecf40cc_o.jpg
1,50622941702_2700870b47_o.jpg
1,50622956796_c2778f635e_o.jpg
1,50623038182_c2752178f2_o.jpg
1,50623060397_1a1006da33_o.jpg
1,50623063192_ec4f7f56b2_o.jpg
1,50623067652_6e52f46dac_o.jpg
1,51233424362_786d10dc76_o.jpg
1,51233547662_fe872453f2_o.jpg
1,51234462958_62dd13810c_o.jpg
1,51238558141_753e7807be_o.jpg
1,51285909189_01a4b610af_o.jpg
1,51299010911_26aaf74757_o.jpg
1,51320603897_d8b7036c7c_o.png
1,51341756029_4e29bba961_o.jpg
1,51342001385_ceaf784e25_o.jpg
1,51685102696_1b5260aa0a_o.jpg
1,51685109951_f689a3da08_o.jpg
1,51784868232_ee8d187496_o.jpg
1,51785683196_5d9e6e5b45_o.jpg
1,51785936528_fc23e68ca1_o.jpg
1,51785936903_bc061a80b3_o.jpg
1,51829087853_36bd588ba8_o.jpg
1,51839429297_23e725a318_o.jpg
1,51839436817_64da9116eb_o.jpg
1,51840334886_3207ecd073_o.jpg
1,51840372636_9258eb8261_o.jpg
1,51840373396_006b231bcc_o.jpg
1,51840427968_3d28b2dba6_o.jpg
1,51840699904_8fd60b5e83_o.jpg
1,51841108070_99931a7a81_o.jpg
1,51999850752_3a2abfb7e6_o.jpg
1,52001399795_786038b87e_o.jpg
1,52001399950_16641739f2_o.jpg
1,52021777686_398d72c8f2_o.jpg
1,52021777756_9b103c39b3_o.jpg
1,52036933592_0d94515c89_o.jpg
1,52037975646_5f3beb0224_o.jpg
1,52038223744_f643056f8c_o.jpg
1,52038492590_afc85eb409_o.jpg
1,52038492755_cb909d2e08_o.jpg
1,52046173993_0642fb0592_o.jpg
1,52094235714_cd5c534086_o.jpg
1,52148619336_a5616a7a72_o.jpg
1,52149116460_a76bf7aaf8_o.jpg
1,52229129077_018c10b246_o.jpg
1,52229219776_9c44453320_o.jpg
1,52229224318_9c44453320_o.jpg
1,52229699510_028b5cc57d_o.jpg
1,52286820132_715b85c221_o.jpg
1,52287794676_15e4f903e4_o.jpg
1,52289825067_27c65b8212_o.jpg
1,52293501885_e4213de0c7_o.jpg
1,52294132422_481d13b7de_o.jpg
1,52304532663_667f304143_o.png
1,52353826360_d08690bb4e_o.jpg
1,52357657147_4f64a395e8_o.jpg
1,52368158446_429a153b04_o.jpg
1,52368161826_5d36464167_o.jpg
1,52368589530_d8448a40b3_o.jpg
1,52465134334_ef86f31730_o.jpg
1,52466170371_980f089a16_o.jpg
1,52528146551_f40ec75730_o.jpg
1,52530251251_af8b68b64e_o.jpg
1,52530251491_1f884e89f7_o.jpg
1,52530684530_26c6809974_o.jpg
1,52530727340_ed07f21da3_o.jpg
1,52572898012_b390d523b1_o.jpg
1,52572947117_ab9522cf34_o.jpg
1,52573687769_7e5a3a15e6_o.jpg
1,52573724604_2fd3a8ea42_o.jpg
1,52573945163_b9b10b149a_o.jpg
1,52635039726_1ca5c67535_o.jpg
1,52635521463_6135c0bc03_o.jpg
1,52797625157_8123a34888_o.jpg
1,52941093813_0efff95a2f_o.jpg
1,7866653824_b0569ba0a0_o.jpg
1,8469662902_cbea4ca7de_o.jpg
1,9570754421_0abd220137_o.jpg
1,9570771389_92a0929ef1_o.jpg
1,9573547024_db3666510c_o.jpg
1,9573551152_f21299aed8_o.jpg
1,9573552122_3d4c47851f_o.jpg
1,9573554458_47e3bbb2ec_o.jpg
1,9573555526_ca9322b143_o.jpg
1,9573562938_bd50b7584a_o.jpg
1,9573564548_e2795e2c89_o.jpg
1,9573567356_ab949eeaa8_o.jpg
1,9573569588_c404fd4894_o.jpg
1,9598060845_af2261514e_o.jpg
1,9598076793_f83b3e76bb_o.jpg
1,guille-pozzi-_yqE9pwh-bs-unsplash.jpg
1,luke-flynt-9jErXqFwAYs-unsplash.jpg
1,malachi-brooks-co0q1GKx6xw-unsplash.jpg
1,malachi-brooks-EvJhJ75NwAc-unsplash.jpg
1,marc-obiols-Sdpo0jaMfQI-unsplash.jpg
1,marc-szeglat-BsAzhHIIwxg-unsplash.jpg
1,marc-szeglat-I1MGVZ42wnU-unsplash.jpg
1,matt-howard-eAKDzK4lo4o-unsplash.jpg
1,matt-palmer-AuEVJLpb96k-unsplash.jpg
1,matt-palmer-BmDR21JiXhc-unsplash.jpg
1,michael-held-Of-NXuECJbE-unsplash.jpg
1,mike-newbry-DwtX9mMHBJ0-unsplash.jpg
1,ross-stone-KWYTn9_QKRE-unsplash.jpg
1,ruedi-haberli-ZoMRgiwTejc-unsplash.jpg
1,sippakorn-yamkasikorn-nVYEechGqqM-unsplash.jpg
1,tim-mossholder-MFgEgKrhIN8-unsplash.jpg
1,tim-mossholder-qmk3g1MpqiA-unsplash.jpg
1,toby-elliott-UU74ubymJz8-unsplash.jpg
2,28431966937_30ca6f9f2e_o.jpg
2,28431972557_7b9a741b18_o.jpg
2,28431975197_d6415bdce5_o.jpg
2,28459940212_0009f6b02b_o.jpg
2,28459976202_11d097d569_o.jpg
2,28460392812_9697a4061b_o.jpg
2,28460392862_87e7994f28_o.jpg
2,28460392932_8f8f418376_o.jpg
2,28515641211_84eba008bd_o.jpg
2,28534641454_6e250001b1_o.jpg
2,28736630711_0e5dfc16db_o.jpg
2,28743621984_dde9e64c11_o.jpg
2,28743622414_9982dcd3e0_o.jpg
2,28752190796_96d6b5ed3a_o.jpg
2,28757337722_68a87d1f68_o.jpg
2,28786217271_4051825d50_o.jpg
2,28790160057_7f620b0f0e_o.jpg
2,28809483774_95e628c956_o.jpg
2,28861884925_bdfb4316a2_o.jpg
2,28884029841_1c482d5cea_o.jpg
2,28884030381_30546358a6_o.jpg
2,28884030621_a460cbd512_o.jpg
2,29012886626_b81f04e597_o.jpg
2,29039280892_0be96308bd_o.jpg
2,29050868782_35d8ca6835_o.jpg
2,29051042712_4e90da02eb_o.jpg
2,29053748132_7a1d89ea91_o.jpg
2,29079516630_d726213e54_o.jpg
2,29079517220_5146896fc8_o.jpg
2,29156511535_6c37844879_o.jpg
2,29156511655_b5a7073d55_o.jpg
2,29156511905_354ebebd35_o.jpg
2,29193406884_e425662e76_o.jpg
2,29217069592_e139451645_o.jpg
2,29217081572_916011567e_o.jpg
2,29291581436_f8f73e28cd_o.jpg
2,29434256445_0fb01747a6_o.jpg
2,29738293001_f2830b44bf_o.jpg
2,29741635257_93de7a3830_o.jpg
2,29813751658_b7a76805cc_o.jpg
2,30071151131_f1d7306553_o.jpg
2,30146885628_91cb57f5e9_o.jpg
2,30227791868_e72b72e0c3_o.jpg
2,30227794198_1bde9f94aa_o.jpg
2,30227796028_4e2866cd30_o.jpg
2,30465240868_fed7cbb366_o.jpg
2,30874319678_b44a05f558_o.jpg
2,32175874454_a929b41edf_o.jpg
2,32333431933_1ef83b3a4f_o.jpg
2,32894104394_bfe4bf3c79_o.jpg
2,32894125434_2ce366b021_o.jpg
2,32923762953_0a7618d118_o.jpg
2,32923776623_06c59b5d7f_o.jpg
2,32939733596_6bed2927a5_o.jpg
2,32979370456_aa15ee0a1a_o.jpg
2,32979370576_393c40093f_o.jpg
2,32979370606_a69c59f01c_o.jpg
2,32979370756_f3df57684a_o.jpg
2,33100052051_4ed0ea664c_o.jpg
2,33115892694_a10f83b10f_o.jpg
2,33115893844_01d61f013e_o.jpg
2,33115894144_bf615304ef_o.jpg
2,33146397673_46a304cb53_o.jpg
2,33148836015_80a90c9ec3_o.jpg
2,33352514763_954de88ae0_o.jpg
2,33574524210_89fdc7420a_o.jpg
2,33580463112_6589084e17_o.jpg
2,33584185233_ec01986a56_o.jpg
2,33607866281_93d41bf0f4_o.jpg
2,33607913731_c8b97c23f7_o.jpg
2,33607918741_a2418c5ed5_o.jpg
2,33696300466_5cb38a1047_o.jpg
2,33696310426_a0db391e64_o.jpg
2,33696315496_53c4e83863_o.jpg
2,33696329906_0577f32153_o.jpg
2,33737027855_f74f71b6a1_o.jpg
2,34025008392_34f74c12ba_o.jpg
2,34094010334_b62e68ea40_o.jpg
2,34163415785_8355d7da30_o.jpg
2,34163416695_fd80717cd0_o.jpg
2,34182396555_ed36d0170c_o.jpg
2,34182400905_4c7fd1bc9d_o.jpg
2,34182401245_908ac4708b_o.jpg
2,34182404375_3aa8385db4_o.jpg
2,34182404715_6454a87316_o.jpg
2,34300723214_3e649f65dd_o.jpg
2,34567852580_4b31f089e7_o.jpg
2,34631783560_a93cbe6cf1_o.jpg
2,34658119843_27994604c3_o.jpg
2,34773677392_0eb5cb6c56_o.jpg
2,34791620042_c6f1cc789d_o.jpg
2,34805106991_533fcc2bb7_o.jpg
2,34896789386_b524350749_o.jpg
2,34914714076_92bbdf68dc_o.jpg
2,34914716246_b84b6ce74c_o.jpg
2,34914717816_73bd740b6a_o.jpg
2,34914718456_2660385319_o.jpg
2,34937366285_1698fc409d_o.jpg
2,34979352386_d7f84d688b_o.jpg
2,35015020213_ef676ae49d_o.jpg
2,35015071423_a6c8c2dfbe_o.jpg
2,35410025110_b70f64a6f4_o.jpg
2,35410487110_e7776351d8_o.jpg
2,35505051124_d96e15ca3c_o.jpg
2,35531859453_a75fb19cce_o.jpg
2,35531863303_6e619eba6b_o.jpg
2,35531874733_fe5136e087_o.jpg
2,35532185633_2477844982_o.jpg
2,35628850832_ef90c1e9be_o.jpg
2,35666924341_c69ea99ee3_o.jpg
2,35692760711_fc7a9de658_o.jpg
2,35751271762_db47281eee_o.jpg
2,35798753325_5150318f95_o.jpg
2,35824969685_ac6e45e024_o.jpg
2,35944098020_cd1134dc54_o.jpg
2,36114718993_02a17ebac8_o.jpg
2,36171926842_09c60c4c31_o.jpg
2,36171932072_630ac67274_o.jpg
2,36204017671_a8a87f9efe_o.jpg
2,36296103976_8159204986_o.jpg
2,36340658435_4c5de984de_o.jpg
2,36340904035_5ecfe76717_o.jpg
2,36451362154_bc062d5909_o.jpg
2,36533908230_1d6294d4af_o.jpg
2,36610208784_c4cde0d404_o.jpg
2,36702521533_5c00df89aa_o.jpg
2,36792334002_e6c4ae2ac4_o.jpg
2,37116014660_643e6c286c_o.jpg
2,37116026440_336e415059_o.jpg
2,37116027540_e3df539e6e_o.jpg
2,37116436092_15b77407fb_o.jpg
2,37116444652_2f0b5056e2_o.jpg
2,37325108406_e1f5e87e80_o.jpg
2,37325129916_d1c3000b17_o.jpg
2,37325130876_c369e561ac_o.jpg
2,37325148676_48253c6cb3_o.jpg
2,37325150326_d09f23d3eb_o.jpg
2,37342469162_b93c91c05a_o.jpg
2,37342471232_fc3070ea8d_o.jpg
2,37342472282_d5c232501a_o.jpg
2,37342480522_2dfdd4f170_o.jpg
2,37342493372_8b4a11c08e_o.jpg
2,37342493552_f1f4f5333a_o.jpg
2,37508627322_34fc6e85c2_o.jpg
2,38200838015_70f9a4b30a_o.jpg
2,39003231882_43dcdde8ae_o.jpg
2,40004175350_530d2896ac_o.jpg
2,40004278270_4178386118_o.jpg
2,40912833465_f0fd2c70a1_o.jpg
2,4112276037_5a00123f8c_o.jpg
2,4113043354_d5446423ee_o.jpg
2,41491769920_862cfdf03e_o.jpg
2,41769492782_06198c8e66_o.jpg
2,41811331711_3953d331f3_o.jpg
2,41811387601_af923b9f7c_o.jpg
2,41913479340_2269e4e70b_o.jpg
2,42039899765_7bd38dc79e_o.jpg
2,42143488610_90fc11906c_o.jpg
2,42770631260_9553b47f0e_o.jpg
2,42796501615_19845a0d0c_o.jpg
2,42797043485_8cbd6ec10d_o.jpg
2,42848957940_cc5924c5ba_o.jpg
2,42966886204_edcdeaf7f6_o.jpg
2,42983576304_1e385a0831_o.jpg
2,43006225214_dac245102a_o.jpg
2,43188959405_96cb576c77_o.jpg
2,43188982195_f6ee695bb7_o.jpg
2,43188992025_7a89e96477_o.jpg
2,43188998035_2b34926d13_o.jpg
2,43251219902_c9b58045f8_o.jpg
2,43251220702_671d03f40b_o.jpg
2,43251632962_0a4d318bba_o.jpg
2,43251633862_c4da756e5f_o.jpg
2,43301439861_2d519d129a_o.jpg
2,43377037494_ea2f1a5605_o.jpg
2,43705414030_90d1a37a1a_o.jpg
2,43851607591_66484a20ec_o.jpg
2,43874926204_2a187404a2_o.jpg
2,43960398324_d7412ec013_o.jpg
2,43966660721_2fe5f5b199_o.jpg
2,44797461414_1478194b30_o.jpg
2,45016006222_9e7be65091_o.jpg
2,45059296945_0fa9acdddd_o.jpg
2,45471863472_e1d0ef9ab8_o.jpg
2,46900144012_84ce2e381c_o.jpg
2,48250131857_9aa1552ea7_o.jpg
2,48472398187_d02c871a2e_o.jpg
2,48536810256_e600ee55d8_o.jpg
2,48579551262_b5963116c0_o.jpg
2,50180524588_981143b27d_o.jpg
2,50181288522_70349fde7a_o.jpg
2,50184745623_0677d4ef81_o.jpg
2,50185290881_62f8e56f35_o.jpg
2,50225115988_91ee5e54e0_o.jpg
2,50229276113_5261a9a86c_o.jpg
2,50229925311_ba849239ac_o.jpg
2,50229931036_fb45e41dcb_o.jpg
2,50238157442_3c68dd1dbb_o.jpg
2,50246118707_cfe8f84230_o.jpg
2,50246254476_9197044114_o.jpg
2,50303149397_6ccef9a4f5_o.jpg
2,50320042972_4b360e7903_o.jpg
2,50322959518_6b8991eacc_o.jpg
2,50322961488_4b774b7c3f_o.jpg
2,50323628016_b80b3c7a3e_o.jpg
2,50323801727_aa1f463c63_o.jpg
2,50323805947_9ab063c02c_o.jpg
2,50338173282_414e2dfde9_o.jpg
2,50343191921_f29318dbce_o.jpg
2,50343192331_144aeae558_o.jpg
2,50356690687_f7c9058f01_o.jpg
2,50379878213_080c48c308_o.jpg
2,50379969133_97eb4b3e97_o.jpg
2,50381618553_0b4920f961_o.jpg
2,50408444033_78cf8f5a76_o.jpg
2,50408482218_33be340324_o.jpg
2,50408484648_6765265361_o.jpg
2,50409179996_c9211fa826_o.jpg
2,50409184221_d299e2ba44_o.jpg
2,50409394257_d883b12e16_o.jpg
2,50516943398_0291669a23_o.jpg
2,50517661351_3f89fc2101_o.jpg
2,50622038578_8fa57355ba_o.jpg
2,50622099878_5461945502_o.jpg
2,50622842921_74c0c9bf16_o.jpg
2,50622956461_36b6d5a368_o.jpg
2,50623056657_2e848b0caa_o.jpg
2,51182603157_bd5b0a1f46_o.jpg
2,51182615912_99e81d78c1_o.jpg
2,51183274846_75d95f2d7e_o.jpg
2,51183300781_6787a2c123_o.jpg
2,51184375575_e852de66c1_o.jpg
2,51192044867_963be5476d_o.jpg
2,51192743366_3a39ab4750_o.jpg
2,51192750856_e95734c066_o.jpg
2,51192954503_3ee2a51c30_o.jpg
2,51192965828_d83ab2d831_o.jpg
2,51193509174_808602e29f_o.jpg
2,51193517864_61dd8fa201_o.jpg
2,51193811890_4e5c8e91e0_o.jpg
2,51193812575_6e7ce2f793_o.jpg
2,51193816410_a17a14ce07_o.jpg
2,51224876521_c9544921af_o.jpg
2,51233236409_c8d76eb111_o.jpg
2,51234131611_f593a97b57_o.jpg
2,51234251701_5b8d0a89cf_o.jpg
2,51234326078_df61af625d_o.jpg
2,51235180183_3721f18e63_o.jpg
2,51235316460_8279cd1316_o.jpg
2,51236035780_0b9a3f47fb_o.jpg
2,51248360089_e7ea1fac21_o.jpg
2,51249533208_e0d2dbd593_o.jpg
2,51249539503_8ffc6571ce_o.jpg
2,51263178215_d8db6bf777_o.jpg
2,51276833581_ee92c55466_o.jpg
2,51283057621_de5d4e5bed_o.jpg
2,51284079330_305a79897b_o.jpg
2,51285187151_1dd566f7f7_o.jpg
2,51285917069_5af3c24da9_o.jpg
2,51286207225_dce2d3fee0_o.jpg
2,51298755366_12ae31316b_o.jpg
2,51299053281_e87ae6ec37_o.png
2,51310213455_e482232126_o.jpg
2,51321384616_c003a46eea_o.jpg
2,51321384666_c7b3e91be4_o.jpg
2,51353777180_ac4a44d7ee_o.jpg
2,51404400098_fd7857958c_o.jpg
2,51404702784_7ca9c6e9c5_o.jpg
2,51404893549_96cbc566d5_o.jpg
2,51405698152_895397de08_o.jpg
2,51475856852_0b60982b08_o.jpg
2,51483678321_204e9a3567_o.jpg
2,51592667486_0cdd5ea63f_o.jpg
2,51592886998_f6f34cf4fa_o.jpg
2,51684323387_561da59dba_o.jpg
2,51685971750_f491a480d3_o.jpg
2,51685997425_ace18b01d6_o.jpg
2,51686010835_ed65977bde_o.jpg
2,51700279846_b5cc4583de_o.jpg
2,51700562473_3351488ed6_o.jpg
2,51786302469_8793cda1f4_o.jpg
2,51820296693_9ba629927f_o.jpg
2,51839432672_fa7e11f132_o.jpg
2,51840497418_331b8005ec_o.jpg
2,51999850387_4ab939a7c0_o.jpg
2,51999850677_3f462fc4d4_o.jpg
2,51999850907_d3a193223f_o.jpg
2,52001122274_ceb0c16266_o.jpg
2,52001122849_0dc4cf6099_o.jpg
2,52004693524_a7b9c1090d_o.jpg
2,52020507769_3163130645_o.jpg
2,52045079187_89b2ea03ae_o.jpg
2,52046172443_a5da9c381b_o.jpg
2,52078042281_49a46a89ec_o.jpg
2,52104987842_dc55d3abf0_o.jpg
2,52106522515_f03becf09c_o.jpg
2,52225749001_ff620d0377_o.jpg
2,52225764993_1432285e60_o.jpg
2,52226021084_624a8793b9_o.jpg
2,52226051534_d67a854c7f_o.jpg
2,52226765042_660cffda0a_o.jpg
2,52226767292_d3a8dbe20d_o.jpg
2,52231251857_edbea0a952_o.jpg
2,52231281737_dd64306712_o.jpg
2,52232274786_3847f71eb8_o.jpg
2,52232276831_2e8c11bcd5_o.jpg
2,52232757565_40c11d1454_o.jpg
2,52232762500_1b1b8dd6ff_o.jpg
2,52234310776_961fb9a8b2_o.jpg
2,52234791505_88b83b699a_o.jpg
2,52258839831_ac734240b5_o.jpg
2,52259119614_2746343258_o.jpg
2,52290047062_cee9b5f91c_o.jpg
2,52290526786_15ae9f7fde_o.jpg
2,52290796284_8b465b94d2_o.jpg
2,52290796329_65591e8836_o.jpg
2,52290796394_7df634d823_o.jpg
2,52291020450_6b03781280_o.jpg
2,52291287089_b51541b36d_o.jpg
2,52292033047_2eb7c9ed3f_o.jpg
2,52293031756_b9a007cb51_o.jpg
2,52293032031_c8141b0af9_o.jpg
2,52293501815_005ce3f140_o.jpg
2,52293501940_9123f95de7_o.jpg
2,52293502120_21e154b716_o.jpg
2,52294132892_ec8e776355_o.jpg
2,52295377874_5ab7a0e536_o.jpg
2,52295379594_6a513ec0eb_o.jpg
2,52295601315_39ff342311_o.jpg
2,52295601435_0b6de119f2_o.jpg
2,52295601495_68db394281_o.jpg
2,52297297853_33cd39c46e_o.jpg
2,52339277155_f76bf2874a_o.jpg
2,52353642668_551b9fb7a5_o.jpg
2,52353720239_c4de45cb4b_o.jpg
2,52353826615_7896d4f0f8_o.jpg
2,52355484724_b8cb1c7bb1_o.jpg
2,52367222322_49daaa3dcd_o.jpg
2,52368147701_292d2a7dd5_o.jpg
2,52390705491_bdce74ba62_o.jpg
2,52442598865_d9bdf1b0b5_o.jpg
2,52442599185_acbdaa7d4b_o.jpg
2,52442672018_58ee104bdf_o.jpg
2,52451391443_189567b636_o.jpg
2,52464402647_50615af1d0_o.png
2,52464696672_7224ba08b9_o.png
2,52464903896_e395aa8fb8_o.png
2,52465190131_8e994c0137_o.jpg
2,52465417924_1f76432309_o.jpg
2,52465662020_3fb295fc5a_o.png
2,52465687283_c62bf70daa_o.jpg
2,52466779730_a33b9db9e8_o.jpg
2,52466868808_c06d05c0a3_o.jpg
2,52467005948_9daf973ccf_o.jpg
2,52467005953_deb99c1919_o.jpg
2,52467006093_20eaac2f92_o.jpg
2,52467006943_6f3427729f_o.jpg
2,52468411501_3df86e9835_o.jpg
2,52527681727_3b1f9e8cb6_o.jpg
2,52528146446_8df1330497_o.jpg
2,52528603574_c4306b169a_o.jpg
2,52530227011_7a5d297889_o.jpg
2,52530251376_6fb7f0edc1_o.jpg
2,52530251581_7c0a9e15f2_o.jpg
2,52530727100_85c15724f7_o.jpg
2,52530728420_ff45da0e52_o.jpg
2,52530796548_e83fdef4b3_o.jpg
2,52573687979_e057e7f331_o.jpg
2,52797625907_756bd8b176_o.jpg
2,52798194816_c955dea4bb_o.jpg
2,52798433734_c71719f77f_o.jpg
2,52798639193_b4c94df0be_o.jpg
2,52883322347_02f1d720f8_o.jpg
2,52884277035_c7bc8ebede_o.jpg
2,52925332026_9e900a8f14_o.jpg
2,52925719910_cc0de9e099_o.jpg
2,52925781633_c00a95f181_o.jpg
2,52940453661_fae39b2bb3_o.jpg
2,52946373664_344bd3bd15_o.jpg
2,52946617295_1cdf75dd62_o.jpg
2,52952509547_cc234e4e2f_o.jpg
2,53079506416_d1691921da_o.jpg
2,53079708914_067444e197_o.jpg
2,53080010438_c3b6973476_o.jpg
2,7562428594_157fbcbb4c_o.jpg
2,7562430032_1ac3067d62_o.jpg
2,8468567405_d5e7b0bf86_o.jpg
2,8468567409_4227539d23_o.jpg
2,8468567433_7c80dc32e4_o.jpg
2,8469662486_333883dee1_o.jpg
2,9570750563_5eed034f27_o.jpg
2,9570755289_879dc42ecb_o.jpg
2,9570758963_0e23770a7a_o.jpg
2,9570767551_c9ec5f7076_o.jpg
2,9573557018_b9cde6f9b4_o.jpg
2,9573563670_d102c41a9c_o.jpg
2,9573568730_b69479f3f6_o.jpg
2,9600848878_2b94b23858_o.jpg
2,9600871536_b7627d5d44_o.jpg
2,9605227949_2a91f8f64b_o.jpg
2,9608452854_9bd706e5a2_o.jpg
2,alex-widmer-Kw-S5Jt2lHU-unsplash.jpg
2,caitlin-wynne-4D953R0aRUo-unsplash.jpg
2,christian-buehner-Rxk3qy7SJtg-unsplash.jpg
2,christian-buehner-U8bqDvBcZRE-unsplash.jpg
2,christian-buehner-x_4_624S6Ow-unsplash.jpg
2,dave-hoefler-IVOJMKUQgeg-unsplash.jpg
2,frederick-bartels-cwWCXWKoUgU-unsplash.jpg
2,kerry-rawlinson-SzWSiYzBQZE-unsplash.jpg
2,kyle-glenn-SrASYZZpyjw-unsplash.jpg
2,landon-parenteau-E2JSLOhVQ_U-unsplash.jpg
2,malachi-brooks--uXv14QydSM-unsplash.jpg
2,malachi-brooks-1h98xDAIRwA-unsplash.jpg
2,malachi-brooks-2_KDuz00yUQ-unsplash.jpg
2,malachi-brooks-6axIayVqRs8-unsplash.jpg
2,malachi-brooks-A4KBMjkxV3k-unsplash.jpg
2,malachi-brooks-DCEt3WFPres-unsplash.jpg
2,malachi-brooks-h7U5-PGa_70-unsplash.jpg
2,malachi-brooks-jqv8MC2amsw-unsplash.jpg
2,malachi-brooks-LTeuOVKtr5Q-unsplash.jpg
2,malachi-brooks-utCa3lcWQxg-unsplash.jpg
2,malachi-brooks-YxyYrYXmnbs-unsplash.jpg
2,matt-palmer-Ihsi88KpQkE-unsplash.jpg
2,michael-chacon-Pnkk0wRr018-unsplash.jpg
2,walther-nunez-WSoPzcX_K3k-unsplash.jpg
2,wolf-schram-l0hLF3mtkX8-unsplash.jpg
3,alvaro-del-valle-e4kpz8aBPFY-unsplash.jpg
3,andy-wright-aQ0S_jhEm0w-unsplash.jpg
3,anish-nair-RibBrreUhpQ-unsplash.jpg
3,anton-repponen-IOCN-gwfwEU-unsplash.jpg
3,artem-sapegin-GP3EdRRvu2Q-unsplash.jpg
3,bailey-hall--Tj3FZQ3yYE-unsplash.jpg
3,bernd-dittrich-EOjxrqRFYOA-unsplash.jpg
3,br-WVjI9ixNLno-unsplash.jpg
3,brad-mann--dVboeQjz08-unsplash.jpg
3,casey-horner-JNHrBVfdT_A-unsplash.jpg
3,casey-horner-L-HxY2XlaaY-unsplash.jpg
3,casey-horner-OlMAWilgnvY-unsplash.jpg
3,casey-horner-OopzSWabsWE-unsplash.jpg
3,casey-horner-pRRSpbCFUOM-unsplash.jpg
3,casey-horner-RakULpn7Vns-unsplash.jpg
3,catalin-dragu-VOHg6WZeSJ8-unsplash.jpg
3,chad-mcmillan-R4T9TI8EsJI-unsplash.jpg
3,chris-maestas-xrQpW8hlp3o-unsplash.jpg
3,clay-banks-XhemLSLyHQw-unsplash.jpg
3,cole-freeman-Ilzb3kagOSc-unsplash.jpg
3,cole-freeman-vZCfFydcttg-unsplash.jpg
3,cristian-castillo-D4yjy4ZsJck-unsplash.jpg
3,cristofer-maximilian-5NyN-wyH3qE-unsplash.jpg
3,cristofer-maximilian-ZmbOdU16tjY-unsplash.jpg
3,dan-rogers-lMIvz5b1vRo-unsplash.jpg
3,daniel-frank-FHaSDVc-NWM-unsplash.jpg
3,daniel-olah-ZbEURDlbE6o-unsplash.jpg
3,daniel-soderman-ds7eUa2MfNA-unsplash.jpg
3,daniil-silantev-c5CajE3SNtA-unsplash.jpg
3,daniil-silantev-wzLhNAHiOvE-unsplash.jpg
3,dave-hoefler-LzSU1IXG68U-unsplash.jpg
3,david-marcu-CaQ_KITtnVY-unsplash.jpg
3,david-mullins-3Jnws1iRSwk-unsplash.jpg
3,dawid-zawila--G3rw6Y02D0-unsplash.jpg
3,dawson-mccormick-54KgZS_r-n0-unsplash.jpg
3,dawson-mccormick-JM7go_siWXM-unsplash.jpg
3,ddp--uj_8hOwWkc-unsplash.jpg
3,ddp-mRTLNEEsIvU-unsplash.jpg
3,demian-tejeda-benitez-G-LvmhhXBdQ-unsplash.jpg
3,detoured-studio-ULEkrDoN_y0-unsplash.jpg
3,dieter-pelz-TdBjJUJV9js-unsplash.jpg
3,dwinanda-nurhanif-mujito-pKT5Mg16w_w-unsplash.jpg
3,dylan-taylor-zMHCC6BQJFU-unsplash.jpg
3,eberhard-grossgasteiger-5P91SF0zNsI-unsplash.jpg
3,eberhard-grossgasteiger-7pEJtQRVji4-unsplash.jpg
3,eberhard-grossgasteiger-DYPGr9SP68E-unsplash.jpg
3,eberhard-grossgasteiger-H57UwwMAl98-unsplash.jpg
3,eberhard-grossgasteiger-mfU50hZmjNI-unsplash.jpg
3,eberhard-grossgasteiger-srX1E4V6tlo-unsplash.jpg
3,eric-muhr-zzsw-j9b3iI-unsplash.jpg
3,erik-odiin-yblSCZMxzD4-unsplash.jpg
3,federico-beccari-kRnkqSKZODQ-unsplash.jpg
3,hans-isaacson-U99MuqdVTx4-unsplash.jpg
3,harry-jaschhof-E3OGWdm6C_g-unsplash.jpg
3,humphrey-muleba-X9oGih7E_oU-unsplash.jpg
3,ian-dooley-RmVEOfKqyP8-unsplash.jpg
3,jaanus-jagomagi-nDfTMMQpuCA-unsplash.jpg
3,james-eades-aGooiI3zka4-unsplash.jpg
3,jamie-street-Fu6xQ7dQQms-unsplash.jpg
3,jamo-images-1qLVCKLsPpA-unsplash.jpg
3,joa-pietila-404tfCACokE-unsplash.jpg
3,johannes-plenio-51TpweqbK0E-unsplash.jpg
3,johannes-plenio-Il9vp5caR2c-unsplash.jpg
3,johannes-plenio-jsOOWDyOKxo-unsplash.jpg
3,johannes-plenio-ZRJwl3M7q2g-unsplash.jpg
3,jonathan-borba-IeUIUmbnXHg-unsplash.jpg
3,jonathan-borba-nzrAcm7KQc4-unsplash.jpg
3,josh-felise-ZBD7Wh3SJEI-unsplash.jpg
3,kaidi-guo-iq0EoeLNoy8-unsplash.jpg
3,kirsten-drew-k0T-Yx1zXDw-unsplash.jpg
3,kristaps-ungurs-7bN2EW12kgM-unsplash.jpg
3,kristaps-ungurs-8xLNRmRj95A-unsplash.jpg
3,kristaps-ungurs-er_qIzY_FD8-unsplash.jpg
3,kristaps-ungurs-gI7tHTLJc9E-unsplash.jpg
3,kristaps-ungurs-Muamasw0mz8-unsplash.jpg
3,kristaps-ungurs-OiOlmRVM01M-unsplash.jpg
3,kristaps-ungurs-rWBJBGLzJAw-unsplash.jpg
3,kristaps-ungurs-SVtIH50qMz4-unsplash.jpg
3,kristaps-ungurs-t2sg-wNpK6U-unsplash.jpg
3,kristaps-ungurs-TMAMxAAGpNE-unsplash.jpg
3,kristaps-ungurs-UbnPaBCUxig-unsplash.jpg
3,kristaps-ungurs-WxiejoZvPDk-unsplash.jpg
3,kym-mackinnon-1YyuJxUG_R8-unsplash.jpg
3,kym-mackinnon-2ui_UtznZ2g-unsplash.jpg
3,kym-mackinnon-31hELUX_Rk0-unsplash.jpg
3,kym-mackinnon-3UysRR0fVIk-unsplash.jpg
3,kym-mackinnon-4ebLGN1H8iQ-unsplash.jpg
3,kym-mackinnon-5FqCd-jDV10-unsplash.jpg
3,kym-mackinnon-5kErrSVZEm4-unsplash.jpg
3,kym-mackinnon-9SUnsAl3koo-unsplash.jpg
3,kym-mackinnon-AsCZJR42I24-unsplash.jpg
3,kym-mackinnon-B3NJXFtYzew-unsplash.jpg
3,kym-mackinnon-BbPiBs0CPv4-unsplash.jpg
3,kym-mackinnon-BFOcxk9FQEw-unsplash.jpg
3,kym-mackinnon-d-tSNrD9pGA-unsplash.jpg
3,kym-mackinnon-ECFfcKlXaiA-unsplash.jpg
3,kym-mackinnon-Fiy_aYeob1c-unsplash.jpg
3,kym-mackinnon-GSU1GRuF0Q4-unsplash.jpg
3,kym-mackinnon-HDky3rJfwls-unsplash.jpg
3,kym-mackinnon-jABfUl1JYis-unsplash.jpg
3,kym-mackinnon-J_fOJFtCCC0-unsplash.jpg
3,kym-mackinnon-k58gUCTJwX8-unsplash.jpg
3,kym-mackinnon-K7brnUOXtWc-unsplash.jpg
3,kym-mackinnon-myeTzTYc9ok-unsplash.jpg
3,kym-mackinnon-MZEn2BigCaA-unsplash.jpg
3,kym-mackinnon-oegVwnc5YFA-unsplash.jpg
3,kym-mackinnon-qMH6mosLwJc-unsplash.jpg
3,kym-mackinnon-qzy13pTnzVY-unsplash.jpg
3,kym-mackinnon-R-NvndFpa9I-unsplash.jpg
3,kym-mackinnon-RoUhvO7lHg4-unsplash.jpg
3,kym-mackinnon-rRD5EIf2Zt8-unsplash.jpg
3,kym-mackinnon-SpF32SKdx2E-unsplash.jpg
3,kym-mackinnon-U4h6qSZyHDw-unsplash.jpg
3,kym-mackinnon-UWjYnPFvGCM-unsplash.jpg
3,kym-mackinnon-VOyHZUbt4Fc-unsplash.jpg
3,kym-mackinnon-wBLTmclJy4E-unsplash.jpg
3,kym-mackinnon-wHNtB95ih3Y-unsplash.jpg
3,kym-mackinnon-wjzDedDtd94-unsplash.jpg
3,kym-mackinnon-YrX58BQLNfY-unsplash.jpg
3,lance-asper-I-y2ZUR_1GA-unsplash.jpg
3,lefty-kasdaglis-H_0QzH3tBiM-unsplash.jpg
3,leohoho-9VDgeN4xI1M-unsplash.jpg
3,lightscape-LRQsyNQL1TE-unsplash.jpg
3,linda-xu-ASgVWPhURiI-unsplash.jpg
3,lobostudio-hamburg-E3rMBrxqKRo-unsplash.jpg
3,luca-ic_L3GISq5Q-unsplash.jpg
3,lukas-tennie-184vJIldaHw-unsplash.jpg
3,luke-baard-xR6qUaDRjOE-unsplash.jpg
3,maciek-sulkowski-Bktevt0SwQw-unsplash.jpg
3,marek-piwnicki-2kqXGRGUNzQ-unsplash.jpg
3,marek-piwnicki-3prwT56SbvI-unsplash.jpg
3,marek-piwnicki-5aVqplruTAE-unsplash.jpg
3,marek-piwnicki-66SFzJ3iyNU-unsplash.jpg
3,marek-piwnicki-gA2i_h4XRJU-unsplash.jpg
3,marek-piwnicki-Gw7xL5f2TEs-unsplash.jpg
3,marek-piwnicki-hs0gHvNnsm4-unsplash.jpg
3,marek-piwnicki-n59rz6KwOfE-unsplash.jpg
3,marek-piwnicki-nxL_enz7A1A-unsplash.jpg
3,marek-piwnicki-py3GLPFvmpg-unsplash.jpg
3,marek-piwnicki-yK8lUcBBPDA-unsplash.jpg
3,marek-piwnicki-_3qLnlJlyZw-unsplash.jpg
3,mark-ager-Vi59vcq9hx8-unsplash.jpg
3,marly-van-putten-hCEYK8nLA2U-unsplash.jpg
3,martin-adams-vxU_Xbwc52I-unsplash.jpg
3,matthew-meijer-f5Fx_B3Qc4o-unsplash.jpg
3,meina-yin-p5pVG3GWT_U-unsplash.jpg
3,nic-y-c-Nss8xlrf2gc-unsplash.jpg
3,nitish-meena-RbbdzZBKRDY-unsplash.jpg
3,noah-angelo-BNK525WM4BA-unsplash.jpg
3,noman-shahid-9Y1zD1ksuww-unsplash.jpg
3,pat-whelen-Apd0_ovpGE0-unsplash.jpg
3,pat-whelen-Bpomb1492ng-unsplash.jpg
3,patrick-schneider-PLrscRq3atA-unsplash.jpg
3,peter-vanosdall-ktpyjH2h9xs-unsplash.jpg
3,pramod-tiwari--uVQYYD5qco-unsplash.jpg
3,ravi-sharma-hNv5s6NEYig-unsplash.jpg
3,ricardo-gomez-angel-BFMaGkfHDWQ-unsplash.jpg
3,richard-fullbrook-z8PemM-kYck-unsplash.jpg
3,robert-hrovat-7AILo0dLm2g-unsplash.jpg
3,rodrigo-torres-0-eBnY2mBGU-unsplash.jpg
3,rohan-aggarwal-EShGwCZs3Nc-unsplash.jpg
3,ruben-marques-DUxJSaANcWs-unsplash.jpg
3,ruslan-kaptsan-RJrm3zJhEZY-unsplash.jpg
3,ryan-mcmahon-Dmp7MITnr0s-unsplash.jpg
3,samantha-fortney-7vh2FfwdpDM-unsplash.jpg
3,samantha-fortney-dmTHrpvW1T4-unsplash.jpg
3,sante-capobianco-B_5P3v52MIc-unsplash.jpg
3,sante-capobianco-kcKJodlQSxg-unsplash.jpg
3,sheng-l-KC5x7jyd33U-unsplash.jpg
3,shoaib-khan-kvZ6LZVvZiA-unsplash.jpg
3,single-earth-FaMAJOWxSZc-unsplash.jpg
3,single-earth-HlGxFlKx2nI-unsplash.jpg
3,single-earth-rb2nf2OjMPs-unsplash.jpg
3,slav-romanov-VrqyamatNyc-unsplash.jpg
3,steije-hillewaert-aSkYvXsSkwQ-unsplash.jpg
3,stephen-leonardi-i1bQLAjzRP4-unsplash.jpg
3,stephen-leonardi-MDmwQVgDHHM-unsplash.jpg
3,stephen-leonardi-Y0pPGqqMMYk-unsplash.jpg
3,syahirah-salleh-3A87yA3KteA-unsplash.jpg
3,tadej-skofic-VWxiaKn-lVc-unsplash.jpg
3,tandem-x-visuals-ebd1rqRbV40-unsplash.jpg
3,thom-milkovic--PCMaECGDa4-unsplash.jpg
3,thomas-ciszewski-z4rqGnlvqKA-unsplash.jpg
3,tobias-reich-9Q2lhZICqaw-unsplash.jpg
3,tobias-reich-HB9L970JfDE-unsplash.jpg
3,tolga-ahmetler-hrQQhBa0uJ8-unsplash.jpg
3,tomas-trajan--Ej9dr1mYjI-unsplash.jpg
3,tony-reid-UMJUr3st0AE-unsplash.jpg
3,tyssul-patel-o-zOatT4kQw-unsplash.jpg
3,vangelis-batsikostas-BETurN_ZZPs-unsplash.jpg
3,vincentiu-solomon-fYtSWs7LQuQ-unsplash.jpg
3,vitaly-sacred-00twZ5qj4GM-unsplash.jpg
3,wes-hicks-G2W_8eagxNQ-unsplash.jpg
3,will-swann-Ajx7k476oW4-unsplash.jpg
3,wolfgang-hasselmann-S0XT-3Wuzj8-unsplash.jpg
3,yang-song-5yuDv0hVlBk-unsplash.jpg
3,yang-song-Z2h_-PL8Rr0-unsplash.jpg
3,yann-allegre-szKi9UH_RGI-unsplash.jpg
3,yannes-kiefer-tUigI-EE8_s-unsplash.jpg
3,yi-liu-p1oArzgeKm0-unsplash.jpg
3,zetong-li-dLHPiKrkw1Q-unsplash.jpg
4,50409277767_1aab46e387_o.jpg
4,50587721368_c131de8c2d_o.jpg
4,50621530658_63dae7d98f_o.jpg
4,50642193652_5d3a7708a9_o.jpg
4,50774170067_6683b693bc_o.jpg
4,51276757611_826ce8bbe5_o.jpg
4,51685365993_4961a37b68_o.jpg
4,52231257457_46b980ec18_o.jpg
4,52231272657_49992e05aa_o.jpg
4,52232282663_4d7dfb7ed9_o.jpg
4,52292033207_127c46e4ae_o.jpg
4,52293279724_c5250f6aa9_o.png
4,52340194302_8120e8efa3_o.jpg
4,52340194432_697e9662f4_o.jpg
4,52341400698_1b22d7d0c1_o.jpg
4,52341458554_918f27dc7c_o.jpg
4,52357656432_81e3793f1c_o.jpg
4,52357657587_395efe019d_o.jpg
4,52357670897_5e4bd8fa2f_o.jpg
4,52358606086_0fa4a5f2d7_o.jpg
4,52358606311_73913736e4_o.jpg
4,52358606891_9216660b61_o.jpg
4,52358616321_a16d3dcb7f_o.jpg
4,52358619731_d11d42dbb6_o.jpg
4,52358819323_9baa33acde_o.jpg
4,52358919084_87ed82cb44_o.jpg
4,52358919419_3ede7e7e1f_o.jpg
4,52358931349_9edefe0acc_o.jpg
4,52358931414_39e8c7bd40_o.jpg
4,52358932124_97cd77e686_o.jpg
4,52358933749_07f0dd79c6_o.jpg
4,52359027885_6e6d8fa484_o.jpg
4,52359036280_5557dd08e2_o.jpg
4,52359037790_bccbaa71d3_o.jpg
4,52359039480_ab7270c4f1_o.jpg
4,52359041270_69810779bd_o.jpg
4,52403307048_a7dba6168f_o.jpg
4,52451082862_018b9aaa9e_o.jpg
4,52451596106_99dee92c84_o.jpg
4,52451600526_77ef5f823d_o.jpg
4,52451872444_d2fbd8ff72_o.jpg
4,52451874249_17ede44193_o.jpg
4,52451969715_3e8d946708_o.jpg
4,52452042720_8271cec62d_o.jpg
4,52452044898_aa2d693f7f_o.jpg
4,52452046535_137d06e145_o.jpg
4,52452049280_49b1b711b6_o.jpg
4,52452052570_d0c26b2796_o.jpg
4,52452119313_4c5ab49506_o.jpg
4,52452120078_d9d606485f_o.jpg
4,52452306753_e9fd479f41_o.jpg
4,52452307498_5217d473e9_o.jpg
4,52452315723_f38f83e978_o.jpg
4,7557570184_442f9d3545_o.jpg
4,aaron-burden-00QWN1J0g48-unsplash.jpg
4,aaron-burden-6a6ym1Rw5VA-unsplash.jpg
4,aaron-burden-EaQBeUG9c58-unsplash.jpg
4,aaron-burden-eG8--XWSicQ-unsplash.jpg
4,aaron-burden-I1ASdgphUH4-unsplash.jpg
4,aaron-burden-nPv3MQyMbyc-unsplash.jpg
4,aaron-burden-qqH0Clj6OFE-unsplash.jpg
4,aaron-burden-Qy-CBKUg_X8-unsplash.jpg
4,abigail-keenan-hG4qBPj5BJg-unsplash.jpg
4,adam-smigielski-SWa6EYLCac0-unsplash.jpg
4,adrian-n-0OHyXKW56No-unsplash.jpg
4,adrienguh-pC8jEwrWV18-unsplash.jpg
4,alberto-caliman-twV9DVoPB7Y-unsplash.jpg
4,alek-newton-rOSYvaW2BcU-unsplash.jpg
4,alex-bertha-lcC6oMUHW6w-unsplash.jpg
4,alexandr-bormotin-ZHMZcM1_kX8-unsplash.jpg
4,altansukh-e-r4oIVOPhxp8-unsplash.jpg
4,amir-saboury-1EhK52npZMo-unsplash.jpg
4,andreas-dress-ePbE9yXSMhU-unsplash.jpg
4,andreas-gucklhorn-mawU2PoJWfU-unsplash.jpg
4,andreas-kind-SwLPmCYo-QM-unsplash.jpg
4,andrew-pons-p67k6hPMDCs-unsplash.jpg
4,andy-feliciotti-m3oLLB7w3Xg-unsplash.jpg
4,aniket-deole-T-tOgjWZ0fQ-unsplash.jpg
4,anne-sophie-benoit-1bXGI29zG54-unsplash.jpg
4,annie-spratt-gfHX4x8N1kI-unsplash.jpg
4,annie-spratt-l_npf0Tz7AQ-unsplash.jpg
4,annie-spratt-osXoC977Cx0-unsplash.jpg
4,annie-spratt-sCZ4YWtnzZA-unsplash.jpg
4,annie-spratt-x33OW34WHRo-unsplash.jpg
4,anthony-rosset-4naW-DWkYxY-unsplash.jpg
4,anton-sharov-ebc8QZdf_kk-unsplash.jpg
4,anton-sharov-uEZaZOZ9lfA-unsplash.jpg
4,anup-shrestha-9-rPZAD3KkU-unsplash.jpg
4,artem-zhukov-ypvfLui8jh0-unsplash.jpg
4,artiom-vallat-jlifOZe8UC8-unsplash.jpg
4,axel-czikora-GfTU54kkFmM-unsplash.jpg
4,bailey-alexander-k81NcbrQmo0-unsplash.jpg
4,balazs-busznyak-3mLH_hFGbD4-unsplash.jpg
4,balazs-busznyak-D1PsqkR1woM-unsplash.jpg
4,balazs-busznyak-LuwE0_o4GAQ-unsplash.jpg
4,balazs-busznyak-ZGmQ4qVsaTc-unsplash.jpg
4,ben-den-engelsen-DKkR5GAyd9I-unsplash.jpg
4,ben-den-engelsen-HihiG19aLv8-unsplash.jpg
4,ben-den-engelsen-q0THLEGsq5I-unsplash.jpg
4,ben-den-engelsen-SW_jaeIsIOg-unsplash.jpg
4,ben-den-engelsen-UFwW97AP0LI-unsplash.jpg
4,ben-dutton-HeKBd6Em5sk-unsplash.jpg
4,ben-lambert-qVpGF060AX4-unsplash.jpg
4,benjamin-ashton-5G6jrUuKrBo-unsplash.jpg
4,benjamin-voros-rNeBqnm1JXY-unsplash.jpg
4,benjamin-voros-t-3f5RS-JGI-unsplash.jpg
4,bernd-dittrich-mUz78jK8Y24-unsplash.jpg
4,bernd-dittrich-UOQHCo5Xnsc-unsplash.jpg
4,blake-wheeler-dMakhkE1poE-unsplash.jpg
4,bobby-stevenson-Bi8vaFCoaNM-unsplash.jpg
4,brendan-beale-Dq_YHznEXI0-unsplash.jpg
4,bruno-melo-XsAv0ItdT5w-unsplash.jpg
4,bryan-rodriguez-NccnfZua3aE-unsplash.jpg
4,brydon-mccluskey-rTYQNvvomHk-unsplash.jpg
4,brydon-mccluskey-y1Lq4Knyr-c-unsplash.jpg
4,byron-johnson-XD5XverSdUo-unsplash.jpg
4,cade-roberts-TvBNbqn8TZE-unsplash.jpg
4,caleb-woods-5NqGg1EsGmY-unsplash.jpg
4,calin-stan-s7qKz3sGhc4-unsplash.jpg
4,cameron-stow-IknUlhvcpV0-unsplash.jpg
4,casey-horner-1ntpXBX2-JU-unsplash.jpg
4,casey-horner-dTLj_5Nmhjs-unsplash.jpg
4,casey-horner-iJT9TEt7qlo-unsplash.jpg
4,cedric-charmillot-Mbs0OwQWNr0-unsplash.jpg
4,cesar-couto-Z83CMY9ho-I-unsplash.jpg
4,charley-pangus-7nZ4uKGKngw-unsplash.jpg
4,chirag-tripathi-0U_fnrfGOhE-unsplash.jpg
4,chris-bair-n59wYPDrVVg-unsplash.jpg
4,chris-bair-rrpQv3MapOg-unsplash.jpg
4,chris-kursikowski-9nya3cwmq2c-unsplash.jpg
4,chris-meads-n22ADP3cjrE-unsplash.jpg
4,christian-regg-o7LDdRDIYiY-unsplash.jpg
4,clay-banks-n3oxNp0uV90-unsplash.jpg
4,clay-banks-NynIeQRSb74-unsplash.jpg
4,clay-banks-r355OxzYdaE-unsplash.jpg
4,clay-elliot-nWr7mUFtyho-unsplash.jpg
4,clement-fusil-ix2rNtPgEWI-unsplash.jpg
4,cody-doherty-i2se8qITSWA-unsplash.jpg
4,cole-freeman-BeAiBhYTvLg-unsplash.jpg
4,craig-bradford-9bUkEBeXUUQ-unsplash.jpg
4,cristina-gottardi-ahzgaalmLYY-unsplash.jpg
4,cyrus-crossan-gS_ddyX9_x4-unsplash.jpg
4,damien-checoury-03YfWDpHv40-unsplash.jpg
4,daniel-frank-LIHiWVXaUyM-unsplash.jpg
4,daniel-mirlea-qCMpxBhvURc-unsplash.jpg
4,daniel-oberg-49CAJoYFmdg-unsplash.jpg
4,daniel-plan-rroHrT9LtQo-unsplash.jpg
4,daniel-wallace-USu6TA8aQ1E-unsplash.jpg
4,daniil-silantev-hjODrLxv55E-unsplash.jpg
4,daniil-silantev-n6to3HSgTXI-unsplash.jpg
4,danilo-capece-R6Svc7JWhIo-unsplash.jpg
4,dave-herring-D262LwMlOr8-unsplash.jpg
4,dave-herring-NPpV-SRqpAw-unsplash.jpg
4,dave-herring-xrjBELh1ybY-unsplash.jpg
4,dave-herring-Yqtv25PKjZo-unsplash.jpg
4,dave-hoefler-7RrPVxOl4Sk-unsplash.jpg
4,dave-hoefler-zR1-jvnJSSc-unsplash.jpg
4,dave-michuda-tnJHwBblCIg-unsplash.jpg
4,david-geere-oFxuQxE0Hm0-unsplash.jpg
4,david-hendricks-9MWUzbR_KwU-unsplash.jpg
4,david-jusko-tYehUoeNRYw-unsplash.jpg
4,david-kovalenko-qYMa2-P-U0M-unsplash.jpg
4,david-marcu-78A265wPiO4-unsplash.jpg
4,derek-sears-1CdzukjTkKE-unsplash.jpg
4,deva-darshan-2XUfjLp7HYY-unsplash.jpg
4,dillon-austin-xI-57L4_P1U-unsplash.jpg
4,dimitar-krastev-qWO-NmBLtgI-unsplash.jpg
4,dimitris-pallas-Kj5bXWl_ttw-unsplash.jpg
4,dimitris-pallas-W2rz3GCXxao-unsplash.jpg
4,dion-tavenier-tVzRCOosqxA-unsplash.jpg
4,dovydas-zilinskas-aMSL2LAtbPw-unsplash.jpg
4,drew-saurus-VA4dNztZVlA-unsplash.jpg
4,eberhard-grossgasteiger-13RPKrir2Z4-unsplash.jpg
4,eberhard-grossgasteiger-5GEZczwvf9I-unsplash.jpg
4,eberhard-grossgasteiger-7ZBP5fYIg4E-unsplash.jpg
4,eberhard-grossgasteiger-BXasVMRGsuo-unsplash.jpg
4,eberhard-grossgasteiger-EpDhYzPsV-0-unsplash.jpg
4,eberhard-grossgasteiger-K27cUzugBiA-unsplash.jpg
4,eberhard-grossgasteiger-MGTzYEi25us-unsplash.jpg
4,eberhard-grossgasteiger-RVj002xHssw-unsplash.jpg
4,eberhard-grossgasteiger-yQgOSaXemqA-unsplash.jpg
4,ervo-rocks-KlOhFzAmkCE-unsplash.jpg
4,ethan-dow-6EljUULo4FQ-unsplash.jpg
4,ethan-dow-BkV6n4Xi8JQ-unsplash.jpg
4,ethan-dow-OX4FXemQiek-unsplash.jpg
4,ethan-dow-ZeDw8ck4XEM-unsplash.jpg
4,evgeni-evgeniev-LPKk3wtkC-g-unsplash.jpg
4,fabio-comparelli-JYjZDhUjaPU-unsplash.jpg
4,fabio-santaniello-bruun-Ke-ENe3ByiQ-unsplash.jpg
4,farid-mardanov-91wN942yoTo-unsplash.jpg
4,febe-vanermen-O1rItzdBjI8-unsplash.jpg
4,federica-galli-pF1ug8ysTtY-unsplash.jpg
4,federico-bottos-Z3NceSeZqgI-unsplash.jpg
4,felipe-dias-0nMS196uiEs-unsplash.jpg
4,felix-bacher--jEEnRx38wo-unsplash.jpg
4,fotografu-evJN3EAl6uM-unsplash.jpg
4,francesco-fanti-IEUtnsiE-WM-unsplash.jpg
4,francesco-ungaro-m1DjXxqwgMY-unsplash.jpg
4,francisco-gonzalez-2_mO5_qyevs-unsplash.jpg
4,francois-olwage-wd-uZFyCFfs-unsplash.jpg
4,futc-WnEYElZDaDE-unsplash.jpg
4,geran-de-klerk-hl7ILaqrOqI-unsplash.jpg
4,geran-de-klerk-qzgN45hseN0-unsplash.jpg
4,geran-de-klerk-WJkc3xZjSXw-unsplash.jpg
4,giorgio-trovato-T_QzIfMpakY-unsplash.jpg
4,gustavo-quinalha-mZUJl2GAaSE-unsplash.jpg
4,gwyn-pl3LdLSZUz8-unsplash.jpg
4,gwyn-XsUYcz4GyuM-unsplash.jpg
4,hans-isaacson-gDUwtvM1Ao8-unsplash.jpg
4,hans-isaacson-GHIImz0J4lI-unsplash.jpg
4,hans-isaacson-TwbhBNVONTI-unsplash.jpg
4,hans-ott-9bAcUccM-wY-unsplash.jpg
4,harrison-steen-asaAAHNJCA4-unsplash.jpg
4,heather-shevlin-lr83PTEvQvw-unsplash.jpg
4,heather-shevlin-ssZQiAfcw10-unsplash.jpg
4,henrik-verle-kp5sMoQr0Wg-unsplash.jpg
4,honza-reznik-bOFoTMgG9Cs-unsplash.jpg
4,honza-reznik-lScQonfzQ1s-unsplash.jpg
4,humphrey-muleba-Zuvf5mxT5fs-unsplash.jpg
4,husen-siraaj-3fucumsUI68-unsplash.jpg
4,ilia-bronskiy-iAkNLYVFclU-unsplash.jpg
4,ilia-bronskiy-OC4LBIPBnmo-unsplash.jpg
4,ilia-bronskiy-OZ8AoeaQiWo-unsplash.jpg
4,ilia-bronskiy-Tyrw_avINt8-unsplash.jpg
4,irina-iriser-FfmUE-cVHN8-unsplash.jpg
4,isaac-mitchell-vkB3A-TyQPc-unsplash.jpg
4,ivan-bandura-Rb0AyRGE7LE-unsplash.jpg
4,ivan-bandura-Sv27cxiX4lk-unsplash.jpg
4,ivana-cajina-c5qtqTHHk8Y-unsplash.jpg
4,ivana-cajina-g6B4rdvegMc-unsplash.jpg
4,ivana-cajina-HDd-NQ_AMNQ-unsplash.jpg
4,ivana-cajina-RCyqwYP8tHs-unsplash.jpg
4,ivars-utinans-dRTNlyYERxM-unsplash.jpg
4,jack-hishmeh-kPQjypv2sSg-unsplash.jpg
4,jakob-owens-v0L2xcj4z-8-unsplash.jpg
4,jakub-kriz-9xa5ATghMvs-unsplash.jpg
4,jakub-kriz-amVZ_tQwT00-unsplash.jpg
4,jaromir-kavan-ITUstQ1x2xo-unsplash.jpg
4,jason-leem-50bzI1F6urA-unsplash.jpg
4,jeffrey-blum-3iUSDCLX64s-unsplash.jpg
4,jens-aber-wJayMBspHVE-unsplash.jpg
4,jerad-hill-xMc1FYzNgEQ-unsplash.jpg
4,jeremy-vessey-UbmYvvNt1xY-unsplash.jpg
4,jim-niakaris-4BIQP4swrSE-unsplash.jpg
4,jimena-egger-iYmdySHXNUI-unsplash.jpg
4,joel-ambass-UAQ1QI2XUVU-unsplash.jpg
4,joel-vodell-nCFY9hNoUYk-unsplash.jpg
4,johannes-hofmann-h9DGSxPXTIk-unsplash.jpg
4,johannes-plenio-DPd_jrugB2w-unsplash.jpg
4,johannes-plenio-GNYdKN-zjlg-unsplash.jpg
4,johannes-plenio-sY5llOA25Ck-unsplash.jpg
4,johannes-plenio-ZoqSJ-xrGY0-unsplash.jpg
4,john-salzarulo-H2j2rotqudo-unsplash.jpg
4,john-towner-prd5CXMsD68-unsplash.jpg
4,johnny-briggs-M8BW5vyzG6E-unsplash.jpg
4,johny-goerend-pK8Wj_wZVkw-unsplash.jpg
4,jonas-denil-Ht6kCAcD-1Y-unsplash.jpg
4,jonas-denil-KYjDM67EBkI-unsplash.jpg
4,jonatan-pie-VBPzoNXYj7c-unsplash.jpg
4,jonny-caspari-eUjyDDl31RY-unsplash.jpg
4,jonny-caspari-GGc-yc6P218-unsplash.jpg
4,jonny-caspari-hIF_K6PRjko-unsplash.jpg
4,jordan-mcqueen-n9iJ_9JvjWI-unsplash.jpg
4,jordan-opel-N1AFXixF4qQ-unsplash.jpg
4,jose-alejandro-cuffia-6NCtJnNpcpA-unsplash.jpg
4,josh-hild-Sl1GrFYrQ1E-unsplash.jpg
4,josh-withers-aCTMWTlqiEQ-unsplash.jpg
4,joshua-fuller-Cwtv6BIi8IY-unsplash.jpg
4,joshua-fuller-SFRVfLZ7ORo-unsplash.jpg
4,joshua-woods-rTRt4L-MxLQ-unsplash.jpg
4,joss-woodhead-53ZlFYkBavc-unsplash.jpg
4,joyce-g-5kt45pbfyuo-unsplash.jpg
4,jp-valery-9AA5IGoIwEQ-unsplash.jpg
4,jp-valery-ytWGK5RPP3E-unsplash.jpg
4,julia-verea-wz7Z51XjZ_E-unsplash.jpg
4,julian-gruneberg-DupkgRi63ns-unsplash.jpg
4,julian-villella-pKAom32wMj4-unsplash.jpg
4,julien-kettmann-r8od1mgZ8Sk-unsplash.jpg
4,julien-lanoy-hxhmflnl5d8-unsplash.jpg
4,justin-kauffman-AXnzRL3fc44-unsplash (1).jpg
4,kane-taylor-a7XYUScbu74-unsplash.jpg
4,kayle-kaupanger-EJksqmj1pPc-unsplash.jpg
4,keagan-henman-digbEZQyrsY-unsplash.jpg
4,keagan-henman-N8zMX_2MKJk-unsplash.jpg
4,keagan-henman-rJJG1nUfDSc-unsplash.jpg
4,keagan-henman-wsFzXgWMlLA-unsplash.jpg
4,keagan-henman-wyoPyihLCug-unsplash.jpg
4,kevin-bosc-Kz9oLCDxUrA-unsplash.jpg
4,kevin-erdvig-GkYpXeUv4nM-unsplash.jpg
4,kimo-EPLbOv1zd4k-unsplash.jpg
4,kimon-maritz-1-ISIwuBMiw-unsplash.jpg
4,kir-simakov-6OkJxCo_yHU-unsplash.jpg
4,kletis-roy-AM5vvPrlqJU-unsplash.jpg
4,knoell-marketing-XwAqGD4qEtI-unsplash.jpg
4,kristaps-ungurs--Y5egGca9po-unsplash.jpg
4,kristaps-ungurs-1q54ClpzDBE-unsplash.jpg
4,kristaps-ungurs-2Wmp9BqcfU4-unsplash.jpg
4,kristaps-ungurs-5FPATjPX50g-unsplash.jpg
4,kristaps-ungurs-6Yrbqo_RGMo-unsplash.jpg
4,kristaps-ungurs-bqRUmr144Rc-unsplash.jpg
4,kristaps-ungurs-coOIhGeKAo4-unsplash.jpg
4,kristaps-ungurs-Hxmj17wDL-s-unsplash.jpg
4,kristaps-ungurs-IAHLqrnLCMw-unsplash.jpg
4,kristaps-ungurs-IV7ot1J-K70-unsplash.jpg
4,kristaps-ungurs-kYN0KehKdBY-unsplash.jpg
4,kristaps-ungurs-Q_vei2vnPPk-unsplash.jpg
4,kristaps-ungurs-TbDgbkWt2jc-unsplash.jpg
4,kristaps-ungurs-vJ6gaQk_eIs-unsplash.jpg
4,kristaps-ungurs-wIEX2lI5j4A-unsplash.jpg
4,kristina-zeleski-CcyWBkcVaxM-unsplash.jpg
4,kurt-von-jNN9eZdPC5M-unsplash.jpg
4,kyle-mesdag-2tUhwqRmXns-unsplash.jpg
4,kyle-peyton-iMqq7PoyL0M-unsplash.jpg
4,kym-mackinnon-HSFyO6DkOqQ-unsplash.jpg
4,lance-asper-oJv439U1yW4-unsplash.jpg
4,layne-lawson-ahjVRHrS07o-unsplash.jpg
4,lennart-heim-ldz-H1VyrEo-unsplash.jpg
4,leslie-cross-hO9CKGCnB-M-unsplash.jpg
4,levi-bare-fVpCWcX70ns-unsplash.jpg
4,levi-bare-sxZ4wOoQ2io-unsplash.jpg
4,levi-bare-xCfHL21VpDk-unsplash.jpg
4,levi-morsy-HPeyuY6SrUw-unsplash.jpg
4,lewis-latham-0huRqQjz81A-unsplash.jpg
4,lewis-latham-gugOBBZxty4-unsplash.jpg
4,lili-kovac-iE2UNgYQ42g-unsplash.jpg
4,lina-loos-04-C1NZk1hE-unsplash.jpg
4,liuguangxi-r-uXQdIDsQ8-unsplash.jpg
4,loic-furhoff-3wy-uqOBJtY-unsplash.jpg
4,lou-levit-0lHIMPhRtN8-unsplash.jpg
4,luc-tribolet-aBe82hRak8w-unsplash.jpg
4,luc-tribolet-b8bT1_ded84-unsplash.jpg
4,luca-bravo-A-fubu9QJxE-unsplash.jpg
4,luca-bravo-SgtU7sK6oP4-unsplash.jpg
4,luca-merz-PGpW4YNbzIk-unsplash.jpg
4,lucas-ludwig-SRdFJC0Xblc-unsplash.jpg
4,lucian-dachman-Nlyae10NH7k-unsplash.jpg
4,luis-gherasim-hYbkqbiEVDg-unsplash.jpg
4,lukas-mann-Ixqn51tPfSM-unsplash.jpg
4,luke-baard-Cx2i30bytTo-unsplash.jpg
4,luke-baard-DdNyljNFYX4-unsplash.jpg
4,maciek-sulkowski-43gFXiPsMbY-unsplash.jpg
4,maciek-sulkowski-oCmOCNGJM1g-unsplash.jpg
4,mahosadha-ong-xaWBSIUjbgc-unsplash.jpg
4,malik-skydsgaard-I3ecLQjqIrA-unsplash.jpg
4,malik-skydsgaard-zNwXhNeqqgI-unsplash.jpg
4,malte-schmidt-2l5bsmt-7wo-unsplash.jpg
4,marek-piwnicki-aDAivSo7IgM-unsplash.jpg
4,marek-piwnicki-G_6kPyje9Lk-unsplash.jpg
4,marek-piwnicki-L4MklSNhuPI-unsplash.jpg
4,marek-piwnicki-M7D3WdZKRk8-unsplash.jpg
4,marek-piwnicki-t-Fsrt79y5E-unsplash.jpg
4,marek-piwnicki-WElEec96cxk-unsplash.jpg
4,marek-piwnicki-z28tlg9IBDY-unsplash.jpg
4,marek-piwnicki-Za_PRp9Dx3Q-unsplash.jpg
4,mari-potter-nqBbhvhNxWE-unsplash.jpg
4,mari-potter-zdIF9nWyl1A-unsplash.jpg
4,maria-orlova-tvAHVu1792A-unsplash.jpg
4,mariya-pampova-ev67IoFbO5Q-unsplash.jpg
4,mark-basarab-Z0yBwzYXy7Y-unsplash.jpg
4,mark-mialik-yPbjEnJYo8c-unsplash.jpg
4,markus-spiske-5KvErlbdeyo-unsplash.jpg
4,martin-reisch-QELrOYfIlQM-unsplash.jpg
4,martin-zangerl-axhLuc-JskI-unsplash.jpg
4,matheo-jbt-Qvm7Cp-Zh_I-unsplash.jpg
4,mathieu-odin-DOHfIUK8Dl4-unsplash.jpg
4,matt-howard-Nih9R2lduNw-unsplash.jpg
4,matt-jones-eWeteZ9W3e0-unsplash.jpg
4,matt-palmer-F2MsRM7Z2as-unsplash.jpg
4,matt-palmer-P2zKezpWLwY-unsplash.jpg
4,matthew-6abeLGdk-jo-unsplash.jpg
4,matthew-ElMCuYRYY0U-unsplash.jpg
4,matthew-jYKv9uaJPvQ-unsplash.jpg
4,max-hermansson-SXWnpf6KsNQ-unsplash.jpg
4,max-okhrimenko-Wo_EeH5I2qc-unsplash.jpg
4,maxime-gauthier-WjrOD8zA8EU-unsplash.jpg
4,mekht-qoIHdN6b8kU-unsplash.jpg
4,meric-dagli-2AwOeLElK7c-unsplash.jpg
4,micaela-parente-75N5Kh4O9e0-unsplash.jpg
4,micaela-parente-Lw-wQiZqML0-unsplash.jpg
4,michael-benz--IZ2sgQKIhM-unsplash.jpg
4,michael-chambers-m6WCximB8ng-unsplash.jpg
4,michael-olsen-cB99rnOAs2M-unsplash.jpg
4,michael-olsen-WTMgdWNHkaU-unsplash.jpg
4,michael-vilorio-KLUoR8k9Hl8-unsplash.jpg
4,michail-dementiev-E0LpPXeHGAM-unsplash.jpg
4,miha-rekar--wm9OmdN_Ig-unsplash.jpg
4,mikael-stenberg-y0CRX9wdPJQ-unsplash.jpg
4,mike-petrucci-UvvoagAtotU-unsplash.jpg
4,mikey-b-zXu_co6yvfw-unsplash.jpg
4,miroslav-matthess-ajHzrrEeqgc-unsplash.jpg
4,mj-FnTrZQOjaos-unsplash.jpg
4,mj-Nz-fXma87wQ-unsplash.jpg
4,mono-log-HKS5pyraP7k-unsplash.jpg
4,nadiia-ploshchenko-54nrlqy3zoI-unsplash.jpg
4,naresh-nayak-FH_5X0veEAk-unsplash.jpg
4,natalya-letunova-WjqyWNCYSI8-unsplash.jpg
4,nate-johnston-seLQo3j7Xu4-unsplash.jpg
4,nate-snWIEzNipEc-unsplash.jpg
4,nathan-anderson--GxPjjBNt2o-unsplash.jpg
4,nathan-anderson-0dJyOIiGkfk-unsplash.jpg
4,nathan-anderson-1z6Soz2c61E-unsplash.jpg
4,nathan-anderson-4yR7KwuoAgE-unsplash.jpg
4,nathan-anderson-5pF0dXiAspg-unsplash.jpg
4,nathan-anderson-8x86FhrOWwA-unsplash.jpg
4,nathan-anderson-9rNyml9OKfI-unsplash.jpg
4,nathan-anderson-j1_s52QX6fs-unsplash.jpg
4,nathan-anderson-KJH3wkcGKdM-unsplash.jpg
4,nathan-anderson-KOFidaSW1cc-unsplash.jpg
4,nathan-anderson-PBRkqx-r6_c-unsplash.jpg
4,nathan-anderson-PdPKIkd1L9g-unsplash.jpg
4,nathan-anderson-qhkXT5D7n_w-unsplash.jpg
4,nathan-anderson-v6YntOOHPTY-unsplash.jpg
4,nathan-anderson-V84H4r_G1yw-unsplash.jpg
4,nathan-anderson-vtZQNphir8c-unsplash.jpg
4,nathan-anderson-YCUI9Ntzsgc-unsplash.jpg
4,nathan-anderson-ypFlatkSf2o-unsplash.jpg
4,nathan-anderson-_ZnFxTysYNc-unsplash.jpg
4,nelu-paps-TqJ2J90TS24-unsplash.jpg
4,neven-krcmarek-6CjumGKauts-unsplash.jpg
4,nic-y-c-vNBg-a6eRtc-unsplash.jpg
4,nic-y-c-_uQqjtLk_Cs-unsplash.jpg
4,nick-andreas-jwfmY2oVfqA-unsplash.jpg
4,nick-moore-fJg9IF9UOr0-unsplash.jpg
4,nico-iseli-ozkF9Yy8QTE-unsplash.jpg
4,nicolas-hippert-4doZmorf3IE-unsplash.jpg
4,nikita-tikhomirov-wlo2JlSgwyM-unsplash.jpg
4,noah-silliman-01Qqkfz-ck8-unsplash.jpg
4,noah-silliman-Udm1Kj9Y9yk-unsplash.jpg
4,oleg-mozhevin-kioB5vGYUSo-unsplash.jpg
4,olena-sergienko-0Ws_-v4Y_wY-unsplash.jpg
4,olena-sergienko-1wYD3cqD83I-unsplash.jpg
4,olena-sergienko-EFIJMW_rWKs-unsplash.jpg
4,olena-sergienko-TySkkTBvSlE-unsplash.jpg
4,olena-sergienko-Wiq_zZA6UOw-unsplash.jpg
4,olena-sergienko-yALeiJ1KdiQ-unsplash.jpg
4,olena-sergienko-zp1Rq3OkVpM-unsplash.jpg
4,olivier-mesnage-qj8ujkhbLfc-unsplash.jpg
4,olivier-miche-c6JZa0b4Q8Q-unsplash.jpg
4,oscar-nolasco-ufubXa4WnHs-unsplash.jpg
4,oskar-smethurst-3hScD_Z_KyE-unsplash.jpg
4,ozark-drones-97WaZhEg0Hg-unsplash.jpg
4,ozark-drones-dA0JNkNAu1A-unsplash.jpg
4,ozark-drones-H1psDNcpOfI-unsplash.jpg
4,ozark-drones-jeV-LUEyJoE-unsplash.jpg
4,ozark-drones-oDUpFPUy2VU-unsplash.jpg
4,ozark-drones-REWIV2QAEgs-unsplash.jpg
4,ozark-drones-rkvI-ToeV40-unsplash.jpg
4,pascal-scholl-2Attt7V5g-I-unsplash.jpg
4,pascal-scholl-tCXtTfJTR6E-unsplash.jpg
4,pascal-scholl-YpeovwN3BLY-unsplash.jpg
4,pat-whelen-fej4S52jRJg-unsplash.jpg
4,pat-whelen-RgRbnwcvhDo-unsplash.jpg
4,patrick-federi-otESDtV7Tco-unsplash.jpg
4,patrick-federi-QS8lvOcqHRo-unsplash.jpg
4,patrick-miyaoka-XzNNcijgEHE-unsplash.jpg
4,paul-pastourmatzis-0NetIOwaEqQ-unsplash.jpg
4,paul-pastourmatzis-N2JMp29mwk4-unsplash.jpg
4,paul-trienekens-wc7X0X565IE-unsplash.jpg
4,pavel-neznanov-ta-I8rZ6zJc-unsplash.jpg
4,pawan-thapa-IQQ_yieXc1s-unsplash.jpg
4,pawan-thapa-qEJRVTbDpTQ-unsplash.jpg
4,petr-sevcovic-UpM3uDXBW8w-unsplash.jpg
4,phil-desforges-t4BwdvdvQ4I-unsplash.jpg
4,pramod-tiwari-9E8rglSXnc4-unsplash.jpg
4,quentin-menini-nrEb1KzuqTg-unsplash.jpg
4,raghavendra-prasad-VDhBqr4y_Ho-unsplash.jpg
4,rahul-chakraborty-imTMBU0DOfo-unsplash.jpg
4,raphael-biscaldi-imFxAaCy_Pc-unsplash.jpg
4,ravi-patel-UPc3D38lXFw-unsplash.jpg
4,ray-ziak-BO8K27h5lNc-unsplash.jpg
4,raymond-ancog--MSLHYRXQK4-unsplash.jpg
4,rd-mcclenagan-lTQ3GT-sb9Q-unsplash.jpg
4,red-morley-hewitt-kizs7vYY5Dg-unsplash.jpg
4,red-zeppelin-rVTwHuRXlho-unsplash.jpg
4,redd-f-sW7Gir6CG_0-unsplash.jpg
4,revolt-V0m4dPa5kNw-unsplash.jpg
4,richie-nolan-jQ_RRJgun3s-unsplash.jpg
4,roberto-nickson-dCbl-CaL15k-unsplash.jpg
4,roman-skrypnyk-a0yQ53-7ldk-unsplash.jpg
4,ross-sokolovski-cWu504_3z7A-unsplash.jpg
4,rowan-lamb--qULnOJIl_k-unsplash.jpg
4,runde-imaging-bAN6fLT84qc-unsplash.jpg
4,ryan-searle-Amfd8M2nsSU-unsplash.jpg
4,ryan-searle-H33dAQfsjZA-unsplash.jpg
4,ryo-yoshitake-fNNRU4j8c5E-unsplash.jpg
4,ryo-yoshitake-g3fsgTvJAcM-unsplash.jpg
4,sajad-baharvandi-8SP18l1KQMs-unsplash.jpg
4,samuel-f-h7-lHXmZl4M-unsplash.jpg
4,samuel-scrimshaw-DMcI0cmYJYk-unsplash.jpg
4,sander-weeteling-omNcHykDHp8-unsplash.jpg
4,sean-foster-ZK6C4EziOFQ-unsplash.jpg
4,sean-stratton-KzYeP16sQ6Q-unsplash.jpg
4,sean-stratton-rvVOTp6nyaM-unsplash.jpg
4,sekwang-chia-pJ87f72_xvs-unsplash.jpg
4,sergey-pesterev-i-P1lmY_e1w-unsplash.jpg
4,shaah-shahidh-2M2N6RjUQao-unsplash.jpg
4,shai-pal-DQviXGWu-KA-unsplash.jpg
4,shayd-johnson-3SYi9YfTXdU-unsplash.jpg
4,shep-mcallister-mKurBTV_5zY-unsplash.jpg
4,shifaaz-shamoon-6dRYK6FA3tw-unsplash.jpg
4,shifaaz-shamoon-rNUa5AB_Ob0-unsplash.jpg
4,shikhar-gupta-pyTdFHnhSIg-unsplash.jpg
4,siddhartha-gupta-quxPC6s5L1A-unsplash.jpg
4,silas-baisch-rf5R1qXwlDU-unsplash.jpg
4,simone-daino-6bxvC6of7e4-unsplash.jpg
4,sirisvisual-WvitFypONbQ-unsplash.jpg
4,spencer-watson-5iO8hDFua04-unsplash.jpg
4,spencer-watson-dEOC8M_lmxI-unsplash.jpg
4,spencer-watson-vzVGHfxZIZ8-unsplash.jpg
4,srinis-photography-Jcek_kXF3mA-unsplash.jpg
4,steije-hillewaert-H2Bje-fBHQ0-unsplash.jpg
4,stephen-leonardi-jmDz22mILEk-unsplash.jpg
4,stian-vesterinen-yiRHSGZn-eM-unsplash.jpg
4,sudarshan-bhat-jgLTHYKnd5Q-unsplash.jpg
4,tamara-bitter-rEbBI6jbs3A-unsplash.jpg
4,tandya-rachmat-Md9mpoTwoaM-unsplash.jpg
4,tandya-rachmat-wh32vzAZMHo-unsplash.jpg
4,taneli-lahtinen-bJiisZmEB2M-unsplash.jpg
4,taylor-smith-tPsrzIQ0JVU-unsplash.jpg
4,thomas-bennie-16fPlBo_UFY-unsplash.jpg
4,thomas-bennie-CsNq7W6mCU0-unsplash.jpg
4,thomas-bjornstad-BXHqHSAojss-unsplash.jpg
4,thomas-griesbeck-4ShVLvMYyZM-unsplash.jpg
4,thomas-haas-BFyhlZYMd0Y-unsplash.jpg
4,thor-schroeder-AfvHfK_LBAc-unsplash.jpg
4,tim-bernhard-3MDoLdXplac-unsplash.jpg
4,timon-studler-Y9BLAs3qCOU-unsplash.jpg
4,timothy-l-brock-UQiBY1yu8U0-unsplash.jpg
4,toa-heftiba-ujPOme_7e5s-unsplash.jpg
4,tom-parsons-F5qVefeCrp8-unsplash.jpg
4,tristan-b-1g4shmgyGaE-unsplash.jpg
4,tyler-lastovich-DMJUIGRO_1M-unsplash.jpg
4,umit-yildirim-piBHdSSQX9U-unsplash.jpg
4,urip-dunker-GPtSep_xvYw-unsplash.jpg
4,venti-views-NliTYm_jD5o-unsplash.jpg
4,victor-ene-LvfWrSf5U0k-unsplash.jpg
4,vitaly-sacred-giho2M2QXQQ-unsplash.jpg
4,vlad-hilitanu-pt7QzB4ZLWw-unsplash.jpg
4,vlad-hilitanu-QqSIuvz94s8-unsplash.jpg
4,vlad-hilitanu-xXpPNxoPTvI-unsplash.jpg
4,vladimir-fedotov-aVUd4De7Ios-unsplash.jpg
4,vladimir-nordmann-g-t4ZsOPDEk-unsplash.jpg
4,vruyr-martirosyan-MmO1AuKAk3c-unsplash.jpg
4,wes-hicks-yzQonz7oSUI-unsplash.jpg
4,whosaynow--YY2h-Wjv-0-unsplash.jpg
4,will-suddreth-mAgKLzhKIqs-unsplash.jpg
4,william-topa-tIC1KjXpa58-unsplash.jpg
4,willian-justen-de-vasconcellos-2UJDfClMpiA-unsplash.jpg
4,willian-justen-de-vasconcellos-S8fNXJimqdU-unsplash.jpg
4,wynand-uys-eexqLhY2vtE-unsplash.jpg
4,yang-song-ol6AnELgDy0-unsplash.jpg
4,yann-allegre-8EZPQcyDKUA-unsplash.jpg
4,yann-allegre-96moO4t_E1Y-unsplash.jpg
4,zac-edmonds-hKUGBLsdpI8-unsplash.jpg
4,zach-lezniewicz-BKun7g77_QI-unsplash.jpg
4,zhihao-ge-xyzLxDG5elM-unsplash.jpg
5,52938755866_fc0a5ae872_o.jpg
5,52998989513_61a0e7a756_o.jpg
5,8468567493_d8e627a56d_o.jpg
5,8658018665_059680167c_o.jpg
5,8658018703_2ccd0ddf9b_o.jpg
5,8659114948_c5648ef2cf_o.jpg
5,8692924621_63ec81cb23_o.jpg
5,aaron-burden-KhVfJhHla78-unsplash.jpg
5,aaron-burden-UF0WlFvPvrk-unsplash.jpg
5,aaron-burden-YILmPSsn3T4-unsplash.jpg
5,aaron-lee-Qo_WAibzJxE-unsplash.jpg
5,aditya-chinchure-LmtqiFg1oSw-unsplash.jpg
5,adrian-mag-9HPYfOEG1go-unsplash.jpg
5,alan-labisch-DdjJ91eIFVc-unsplash.jpg
5,alberto-restifo-kKrfPaKgE1c-unsplash.jpg
5,aleksandar-jason-HB5E80dln6M-unsplash.jpg
5,aleksandar-jason-prv8AiRvS-s-unsplash.jpg
5,alex-gruber-vq_kZfpYcHU-unsplash.jpg
5,alex-kolodziej-jduGZnew-TE-unsplash.jpg
5,alex-robert-SiGLS87Lk_s-unsplash.jpg
5,alexander-slash-reYDl88Nah0-unsplash.jpg
5,alexandr-bormotin-7fmwqpFqoy4-unsplash.jpg
5,ali-choubin-6agKMKtapcc-unsplash.jpg
5,alina-fedorchenko-0omvAh7kIPg-unsplash.jpg
5,amanshu-raikwar-ZHrbVmVu3Qc-unsplash.jpg
5,anders-jilden-AkUR27wtaxs-unsplash.jpg
5,andrea-leopardi-4nJOD8wtMS4-unsplash.jpg
5,andrew-coelho-aL7SA1ASVdQ-unsplash.jpg
5,andrew-svk-Koa7ccTs-ak-unsplash.jpg
5,angela-356V-ooP184-unsplash.jpg
5,anjali-mehta-CVWEGj6SDVU-unsplash.jpg
5,anna-sokur-oDe5qBwTSXo-unsplash.jpg
5,annie-spratt-u1kaDeY1adw-unsplash.jpg
5,ansgar-scheffold-mjAoJdW9ryY-unsplash.jpg
5,anton-gudkov-LuiPhkR3Mas-unsplash.jpg
5,arnold-dogelis-AW0nMIAQRP4-unsplash.jpg
5,artem-sapegin-e2uTOpgW5Ec-unsplash.jpg
5,artem-sapegin-Hf2Px71VRb4-unsplash.jpg
5,artem-sapegin-wzLm9aAi1rc-unsplash.jpg
5,aurelien-faux-qKYC6aQLPcs-unsplash.jpg
5,axel-czikora-aRIy1z11U3Q-unsplash.jpg
5,ben-black-r6wCtto743w-unsplash.jpg
5,ben-den-engelsen-TCZ-8vsPAZ0-unsplash.jpg
5,benaja-germann-wHNbdcXgFYU-unsplash.jpg
5,benjamin-grull-lOONLlJvKI0-unsplash.jpg
5,beyon-binu-qmQ156HRorc-unsplash.jpg
5,bleron-salihi-c74tbyamvyE-unsplash.jpg
5,boudhayan-bardhan-60tataLkJ0U-unsplash.jpg
5,brendan-beale-YJsw2TfZ_F4-unsplash.jpg
5,carmine-de-fazio-3ytjETpQMNY-unsplash.jpg
5,casey-horner-09Ds-LMCimI-unsplash.jpg
5,casey-horner-20VGfqwDeEQ-unsplash.jpg
5,casey-horner-kqIA11dfeu0-unsplash.jpg
5,cassie-matias-l8Ab2-Tgvgk-unsplash.jpg
5,chris-barbalis-n1EsQQnvA3o-unsplash.jpg
5,chris-henry-LJkIygEJmtU-unsplash.jpg
5,chris-lawton-6tfO1M8_gas-unsplash.jpg
5,chris-sanchez-YXzQe8JHvwc-unsplash.jpg
5,chris-turgeon-K7Nr1zfFg_Y-unsplash.jpg
5,christian-grab-AygJgCM_vto-unsplash.jpg
5,chuttersnap-hS1vWzHoxI8-unsplash.jpg
5,ciprian-boiciuc-kKadFByUqEo-unsplash.jpg
5,clay-banks-zhe3gVi6YBM-unsplash.jpg
5,clement-duguerre-gakIfgeuO88-unsplash.jpg
5,clement-m-h7vKkZNNThE-unsplash.jpg
5,clement-m-igX2deuD9lc-unsplash.jpg
5,cole-freeman-6PB8SYmwecM-unsplash.jpg
5,cole-freeman-DkBp6XI4430-unsplash.jpg
5,cole-freeman-HKie6QyBO_k-unsplash.jpg
5,cole-freeman-Nb4S6o1Z8pU-unsplash.jpg
5,cristian-vieriu-2hkpim9ZSMo-unsplash.jpg
5,cristian-vieriu-hWssRtmp4nc-unsplash.jpg
5,cristian-vieriu-vvEpj8d7dQc-unsplash.jpg
5,cristina-gottardi-wndpWTiDuT0-unsplash.jpg
5,cristofer-maximilian-BO14MMJLMIk-unsplash.jpg
5,dan-meyers-8m1fC4aPxuw-unsplash.jpg
5,dan-meyers-TWENdzEF6-o-unsplash.jpg
5,dan-otis-OYFHT4X5isg-unsplash.jpg
5,daniel-genser-PzPbh-faPgU-unsplash.jpg
5,daniel-j-schwarz-MYVrOV48pVw-unsplash.jpg
5,daniel-kainz-FdkF3FKWeK0-unsplash.jpg
5,daniel-rauber-wOWEyyoFEyU-unsplash.jpg
5,dave-herring-4MxZb6-wy6E-unsplash.jpg
5,dave-hoefler-9V-hT3P_7KI-unsplash.jpg
5,dave-hoefler-NpMl97aTmco-unsplash.jpg
5,dave-hoefler-od287vQyufw-unsplash.jpg
5,dave-hoefler-pe2X3tQ2EvQ-unsplash.jpg
5,dave-hoefler-rcE3_D-u2NE-unsplash.jpg
5,dustin-scarpitti-26-lAP0XprM-unsplash.jpg
5,eberhard-grossgasteiger-B2ImdRrDZrM-unsplash.jpg
5,eberhard-grossgasteiger-cXp3YDkOB88-unsplash.jpg
5,eberhard-grossgasteiger-E4bmf8BtIBE-unsplash.jpg
5,eberhard-grossgasteiger-g3ivomyhNnc-unsplash.jpg
5,eberhard-grossgasteiger-HtpRxzbKHK0-unsplash.jpg
5,eberhard-grossgasteiger-IlYrCpRlBS4-unsplash.jpg
5,eberhard-grossgasteiger-jdM9HbkPhsA-unsplash.jpg
5,eberhard-grossgasteiger-JLugShVc6Kg-unsplash.jpg
5,eberhard-grossgasteiger-KImxhvY-Y1s-unsplash.jpg
5,eberhard-grossgasteiger-KVl_S7rrA1Y-unsplash.jpg
5,eberhard-grossgasteiger-pr1sWAQgWns-unsplash.jpg
5,eberhard-grossgasteiger-r8I8T7d5bRY-unsplash.jpg
5,eberhard-grossgasteiger-SQtEnnmV-No-unsplash.jpg
5,eberhard-grossgasteiger-trYDgTHBoy0-unsplash.jpg
5,eberhard-grossgasteiger-WENMYNs6H5U-unsplash.jpg
5,eberhard-grossgasteiger-Y3H3vhg2bdk-unsplash.jpg
5,eberhard-grossgasteiger-zzZ8eq7pYqM-unsplash.jpg
5,egor-vikhrev-E_edycnsz_E-unsplash.jpg
5,elena-mozhvilo-2lCRng6W2tE-unsplash.jpg
5,elena-mozhvilo-JZYHskOBOlg-unsplash.jpg
5,elena-mozhvilo-QHovAHM7jEw-unsplash.jpg
5,elena-mozhvilo-whqFYD75HW0-unsplash.jpg
5,eric-jacob-G0miZ5OYaXI-unsplash.jpg
5,eric-muhr-Fs-bcmsV-hA-unsplash.jpg
5,erica-li-bbH1j8aclpI-unsplash.jpg
5,esteban-benites-Xp9hn1HzzDk-unsplash.jpg
5,eutah-mizushima-OWwK_0_EnxY-unsplash.jpg
5,filip-zrnzevic-QsWG0kjPQRY-unsplash.jpg
5,florian-pinkert-DVG2XcY3HPc-unsplash.jpg
5,florian-van-duyn-BR1WANLLpDU-unsplash.jpg
5,gerhard-crous-QcMsc21AzE4-unsplash.jpg
5,guillaume-bourdages-C4BSXG4vfrE-unsplash.jpg
5,hanson-lu-aeNNI6eX4gw-unsplash.jpg
5,harald-pliessnig-fI_UmufdnX4-unsplash.jpg
5,hari-nandakumar-9rr5frs3Dlo-unsplash.jpg
5,harrison-steen-w-dYO5gM-8E-unsplash.jpg
5,hasan-almasi-Fcsdj1fcrac-unsplash.jpg
5,haseeb-jamil-J2jtcRbiL-4-unsplash.jpg
5,honza-reznik-L3g8Hc4s_LI-unsplash.jpg
5,honza-reznik-Qw56T0INXkE-unsplash.jpg
5,honza-reznik-SlICRcvOFns-unsplash.jpg
5,honza-reznik-uaU8NExAvwM-unsplash.jpg
5,igor-lypnytskyi-tYFJzZdOVoI-unsplash.jpg
5,isaac-mitchell-Ws4cyJn6Is0-unsplash.jpg
5,ivan-torres-nehVKBqQIPA-unsplash.jpg
5,ivana-cajina-DuiPYwz3CBA-unsplash.jpg
5,jace-afsoon-K4XHqPZq66c-unsplash.jpg
5,jake-johnson--NNae3osles-unsplash.jpg
5,jan-huber-Y0yNgTqc6k0-unsplash.jpg
5,jared-erondu-LoMs1_wq3tU-unsplash.jpg
5,jaromir-kavan-zAIWojYvRuQ-unsplash.jpg
5,jasper-graetsch-Liu4Sr8Sjag-unsplash.jpg
5,jay-heike-GgITHk9Fgz4-unsplash.jpg
5,jerad-hill-bWeEH8tvp_g-unsplash.jpg
5,joey-kyber-Qcvjbkw1N0M-unsplash.jpg
5,johannes-c-l-egZWWXz0_xI-unsplash.jpg
5,johannes-eckert-tThMIPcsvjM-unsplash.jpg
5,johannes-plenio-3oxEuUtXCwQ-unsplash.jpg
5,johannes-plenio-a9PDBZO7Ivk-unsplash.jpg
5,john-towner-TCCCKgdFmBo-unsplash.jpg
5,johny-goerend-U7icXzyYg7A-unsplash.jpg
5,jonathan-letniak-Vn1QyMMgV5k-unsplash.jpg
5,joseph-dispo-vqus0Swv9PU-unsplash.jpg
5,joshua-fuller-TCZWlCbZZAc-unsplash.jpg
5,joshua-mauricio-End15pPXD5g-unsplash.jpg
5,julian-hochgesang-F9HYmeJ9i0s-unsplash.jpg
5,julian-hochgesang-OUCxBh3AOWg-unsplash.jpg
5,juniperphoton-BgTNRsGr1ic-unsplash.jpg
5,justin-kauffman-7_tRMnxWsUg-unsplash.jpg
5,k-b-L_aI-4hGMEE-unsplash.jpg
5,kal-visuals-XHU9wRgxZIQ-unsplash.jpg
5,karsten-wurth-RybwUAJ6EMA-unsplash.jpg
5,kash-of_4PDMQ3wk-unsplash.jpg
5,kevin-fitzgerald-8ji8O5uHE1U-unsplash.jpg
5,kristaps-ungurs-2M8F61XOJFc-unsplash.jpg
5,kristaps-ungurs-AhKiqI840qM-unsplash.jpg
5,kristaps-ungurs-AUcdCMUzgOM-unsplash.jpg
5,kristaps-ungurs-BAvDjy8cmAM-unsplash.jpg
5,kristaps-ungurs-fQEVCD1lsoM-unsplash.jpg
5,kristaps-ungurs-UIOmH4F3Wtk-unsplash.jpg
5,kurt-van-krieken-VKrrZKWKYAo-unsplash.jpg
5,kym-mackinnon-Cw-pbtoAYn4-unsplash.jpg
5,kym-mackinnon-FHsBhWjPLxg-unsplash.jpg
5,kym-mackinnon-KS8B-1XKyrY-unsplash.jpg
5,kym-mackinnon-ohRlkFvO5e8-unsplash.jpg
5,kym-mackinnon-Um4CaFfdlpU-unsplash.jpg
5,kym-mackinnon-zDzcaysJlkQ-unsplash.jpg
5,laura-lefurgey-smith-EPmvy-Ql4U0-unsplash.jpg
5,laura-lefurgey-smith-pV69pG9YeEw-unsplash.jpg
5,leon-wu-wl8O5p94e_8-unsplash.jpg
5,lili-kovac-JonGFaeFPgg-unsplash.jpg
5,linas-bam-q1X6ADPZl4w-unsplash.jpg
5,linas-bam-q_873ymLjS4-unsplash.jpg
5,lorenzo-spoleti-FXEWwXMCq3I-unsplash.jpg
5,maciek-sulkowski-jVJWrcUNdeY-unsplash.jpg
5,mads-schmidt-rasmussen-6YmzwamGzCg-unsplash.jpg
5,maksym-diachenko-3Ts2u53CY_Y-unsplash.jpg
5,malik-skydsgaard-02P5IzhQmFc-unsplash.jpg
5,marc-kargel-1kpsB10c8nM-unsplash.jpg
5,marc-markstein-6Lov-3KpXgQ-unsplash.jpg
5,marek-piwnicki-dtEOybOiLFk-unsplash.jpg
5,marek-piwnicki-PIkbpGcceeI-unsplash.jpg
5,marek-piwnicki-stK4901P1Uo-unsplash.jpg
5,marek-piwnicki-UX5fmeffVBM-unsplash.jpg
5,marek-piwnicki-zngKEeB7B1s-unsplash.jpg
5,mario-von-rotz-sgaA4_eyL3s-unsplash.jpg
5,marita-kavelashvili-ugnrXk1129g-unsplash.jpg
5,mark-boss-_cM8GNmSj60-unsplash.jpg
5,martin-david-TY5ZmDRfXOg-unsplash.jpg
5,matthew-moisant-sIPRbIj9Oo8-unsplash.jpg
5,max-burgi-duxCsFGyT2Q-unsplash.jpg
5,medien-werkstatt-PxPs7pa68gs-unsplash.jpg
5,meina-yin-_O_R3KLZx8o-unsplash.jpg
5,miroslav-skopek-f6D-1vvwKSE-unsplash.jpg
5,nadiia-ploshchenko-0mjWYcMPPNU-unsplash.jpg
5,nadiia-ploshchenko-wNzbLRVt0xs-unsplash.jpg
5,nathan-anderson-qFjIV1MxDvE-unsplash.jpg
5,nathan-queloz-kVSgiAHSDmw-unsplash.jpg
5,nathan-queloz-lXuRPL4VvgU-unsplash.jpg
5,nathan-queloz-qLFkO7C2RXc-unsplash.jpg
5,nathan-queloz-USuDsWIPgNA-unsplash.jpg
5,neha-maheen-mahfin-Ux5qauJBztE-unsplash.jpg
5,neven-krcmarek-xcbnx5M6XPM-unsplash.jpg
5,nic-y-c-AShLKsKanFc-unsplash.jpg
5,nick-bolton-rL2lRPUVvM8-unsplash.jpg
5,nico-kargel-ZTYt7ozjAhg-unsplash.jpg
5,nicolas-cool-awftcSB__Jk-unsplash.jpg
5,oliver-roos-fJTfWn5nNuk-unsplash.jpg
5,oskar-smethurst-QhAELZaBjM0-unsplash.jpg
5,pascal-debrunner-AGEBN35q0UA-unsplash.jpg
5,pascal-debrunner-Ak_Mnvqjgrw-unsplash.jpg
5,pat-whelen-FEsS8cYQM-0-unsplash.jpg
5,pat-whelen-JjxEz8Ye8YE-unsplash.jpg
5,pat-whelen-mspGLhJBssQ-unsplash.jpg
5,pat-whelen-O3XNdXVR9PU-unsplash.jpg
5,pat-whelen-qlzjOdlgWYI-unsplash.jpg
5,pat-whelen-xmWo450jYSU-unsplash.jpg
5,patrick-fore-vpAKO21abME-unsplash.jpg
5,paul-okrema-LB2QAs_i948-unsplash.jpg
5,paul-pastourmatzis-bGkMaCQ0e9o-unsplash.jpg
5,paulius-dragunas-644Ort64FVM-unsplash.jpg
5,peter-lloyd-rRWyOn9gat4-unsplash.jpg
5,peter-wormstetter-zCXdITPhTkI-unsplash.jpg
5,ralph-ravi-kayden-FITkkKxP1RU-unsplash.jpg
5,ralph-ravi-kayden-JU4uYq6r5do-unsplash.jpg
5,ralph-ravi-kayden-U2QNuI2QRAo-unsplash.jpg
5,ricardo-gomez-angel-dbu1zrkZZuo-unsplash.jpg
5,ricardo-gomez-angel-j4YcBgiBJxY-unsplash.jpg
5,rifqi-ali-ridho-OHLcCYqvRNY-unsplash.jpg
5,riley-xIaoWuKc0F8-unsplash.jpg
5,rita-peron-k33g3DirT7U-unsplash.jpg
5,robert-ritchie-CbYCdiz6i_E-unsplash.jpg
5,roya-ann-miller-zv7OJh94sbA-unsplash.jpg
5,ryan-miller-4QC6kfE5Z8U-unsplash.jpg
5,sacre-bleu-L1Vyugn2jos-unsplash.jpg
5,sam-dawson-qvZiGuHb5po-unsplash.jpg
5,samuel-ferrara-dKJXkKCF2D8-unsplash.jpg
5,sean-foster-9rkn--gf0X4-unsplash.jpg
5,sean-pierce-YLYfwyPJl-o-unsplash.jpg
5,sebastian-ruck-6j3Ykslbi9g-unsplash.jpg
5,single-earth-TOfzXZ_QGx0-unsplash.jpg
5,sonali-shinde-gr92j-seo_8-unsplash.jpg
5,spencer-watson-5TBf16GnHKg-unsplash.jpg
5,staffan-kjellvestad-y1qOT82fd8k-unsplash.jpg
5,sylas-boesten-wNVB7JG6538-unsplash.jpg
5,tandya-rachmat-o0843wuFf70-unsplash.jpg
5,taneli-lahtinen-FUoyHvCUpGY-unsplash.jpg
5,taneli-lahtinen-RVL_gA9dz6o-unsplash.jpg
5,tatyana-gavrilova-h1VeqL-PYOY-unsplash.jpg
5,thai-ch-hamelin-chokdidesign-av-04-Ke6Tw-unsplash.jpg
5,thomas-griesbeck-BS-Uxe8wU5Y-unsplash.jpg
5,thomas-griesbeck-D76hmAzApkM-unsplash.jpg
5,tobias-tullius-PXXtq6bp6cs-unsplash.jpg
5,tomasz-smal-pkbT-xAbUSE-unsplash.jpg
5,tomasz-smal-pXtGzUhnU8s-unsplash.jpg
5,tony-phan-asr62h5w66w-unsplash.jpg
5,tristan-b-xVpKodkAZ1c-unsplash.jpg
5,vadim-sherbakov-NQSWvyVRIJk-unsplash.jpg
5,vasanth-SvLiRk1wE2s-unsplash.jpg
5,vickry-alvian-ILddwdiE8OY-unsplash.jpg
5,vincent-battault-0xwsbC_l6SY-unsplash.jpg
5,vivek-kumar-JKbyACnTvuE-unsplash.jpg
5,vyacheslav-shatskiy-xTYsGKFPzxQ-unsplash.jpg
5,white-rainforest-lq_q5zABCaQ-unsplash.jpg
5,will-swann-3VdXaG9lvqc-unsplash.jpg
5,will-swann-feqjO8SWB6Y-unsplash.jpg
5,will-swann-IyVfWEsb51E-unsplash.jpg
5,wilson-chen-NCpD5mHUVv8-unsplash.jpg
5,wolfgang-hasselmann-4CTVmBy0Lxc-unsplash.jpg
5,wolfgang-hasselmann-brmewoW0OcU-unsplash.jpg
5,wolfgang-hasselmann-RSyKP8_cDAQ-unsplash.jpg
5,yang-song-8zZCbPprSMk-unsplash.jpg
5,yang-song-QfoS3mD5wDw-unsplash.jpg
5,yannick-pulver-5i664o1oY4c-unsplash.jpg
5,yannik-zimmermann-YbRlJPaa3xA-unsplash.jpg
5,yasmine-arfaoui-lxpnFyKaNg4-unsplash.jpg
5,yasmine-arfaoui-uTnPkp3TJos-unsplash.jpg
5,yin-yin-low-mn_-rlTJc7w-unsplash.jpg
5,yuriy-kleymenov-8FWXLFfmsv8-unsplash.jpg
5,zach-camp-UYPqvCvyTNM-unsplash.jpg
5,zach-taiji-hfKuW9ql9HM-unsplash.jpg
5,zetong-li-8DILjg7UIME-unsplash.jpg
5,zetong-li-eDFJt7M-1Ww-unsplash.jpg
5,zetong-li-o0aRmm57u6s-unsplash.jpg
5,zhidong-cao-HNh1W_GDruA-unsplash.jpg
5,zhuo-zhang-syzAO3dxJnA-unsplash.jpg
